Question_ID	Model	Text	Response	Annotation_ID	Label	Span_Start	Span_End	Original_Span
A-Q19	Model-2	ما هي الدلائل التي تشير بأن الانسان مخير؟	"الدليل على أن الإنسان مخير هو من خلال الآيات القرآنية والأحاديث النبوية الشريفة. إليك بعض الدلائل التي تشير إلى ذلك:
**آيات قرآنية:**
1. **سورة البقرة** (2: 256): ""لا إكراه في الدين قيل لكم اتقوا فاتقوا ما نعمى لكم من عذاب"" - هذه الآية تشير إلى أن الإنسان مخير في اختياره بين الخير والشر، وإن كانت هناك توجيهات من الله لتحقيق الخير.
2. **سورة الأعراف** (7: 187): ""وَلا تَقْنَصِ وَاللَّهُ مَعَكُمْ وَإِن تَعُدُّواْ خَيْرًا تُخَيِّرُ لَهُمْ وَإِن تَعُدُّواْ سَيِّئًا يُخَيِّرُ لَهُمْ وَهُوَ عَلَى كُلِّ شَيْءٍ قَدِيرٌ"" - هذه الآية تشير إلى أن الله يترك الإنسان اختيار بين الخير والشر، ويختار ما يشاء.
3. **سورة الفرقان** (25: 2): ""وَلَوْ شَاءَ رَبُّكَ لَآمَنَ الْمُشْرِكُونَ"" - هذه الآية تشير إلى أن الإنسان مخير في اختياره بين الإيمان والكفر.
**أحاديث نبوية:**
1. **حديث الإمام البخاري** ( رقم الحديث: 6833): ""قال رسول الله صلى الله عليه وسلم: (لا يُؤَمَّنُ أَحَدٌ حَتّى يُؤَمَّنَ نَفْسُهُ)"" - هذا الحديث يشير إلى أن الإنسان مخير في اختياره بين الإيمان والكفر.
2. **حديث الإمام مسلم** (رقم الحديث: 2693): ""قال رسول الله صلى الله عليه وسلم: (إِنَّ اللَهَ لَمّا خَلَقَ النَاسَ خَلَقَهُمْ عَلى الدِّينِ فَجَعَلَ أَخلاقَهُمُ وَإِنَّ اللَهَ لَمّا خَلَقَ النَاسَ خَلَقَهُمْ عَلى الدِّينِ فَجَعَلَ أَخلاقَهُمُ)"" - هذا الحديث يشير إلى أن الإنسان مخير في اختياره بين الخير والشر.
**دليل آخر:**
الدليل الآخر على أن الإنسان مخير هو من خلال وجود الاختيار في الحياة. الإنسان يختار بين مختلف الأشياء، من اختيار الطعام إلى اختيار الزوجة، وكل هذا يعتبر دليلًا على أن الإنسان مخير في اختياره بين الخير والشر."	5	Hadith	1040	1201	إِنَّ اللَهَ لَمّا خَلَقَ النَاسَ خَلَقَهُمْ عَلى الدِّينِ فَجَعَلَ أَخلاقَهُمُ وَإِنَّ اللَهَ لَمّا خَلَقَ النَاسَ خَلَقَهُمْ عَلى الدِّينِ فَجَعَلَ أَخلاقَهُمُ
A-Q12	Model-4	هل تدبر القرآن فرض؟	" تدبر القرآن الكريم هو من الأمور المهمة في حياة المسلم، وهو واجب على كل مسلم ومسلمة. قال الله تعالى في سورة الزمر: ""قُلْ آمِنُوا بِهِ أَوْ لَا تُؤْمِنُوا إِنَّ الَّذِينَ أُوتُوا الْعِلْمَ مِنْ قَبْلِهِ إِذَا يُتْلَى عَلَيْهِمْ يَخِرُّونَ لِلْأَذْقَانِ سُجَّدًا"" (الآية 59). هذه الآية تشير إلى أهمية الإيمان بالقرآن وتدبره.
كما قال النبي صلى الله عليه وسلم في الحديث الشريف: ""إن لله أهلين من الناس"" قالوا يا رسول الله من هم قال ""هم أهل القرآن أهل الله وخاصته"" (رواه أحمد). هذا الحديث يدل على أن أهل القرآن هم الذين يتدبرون آياته ويعملون بها.
وفي حديث آخر قال النبي صلى الله عليه وسلم: ""القرآن حجة لك أو عليك"" (رواه مسلم). هذا الحديث يوضح أن القرآن سيكون حجة لمن يتدبره ويعمل به، وسيكون حجة على من يتجاهله ولا يتدبره.
قال الله تعالى في سورة الزمر: ""تَنزِيلُ الْكِتَابِ مِنَ اللَّهِ الْعَزِيزِ الْحَكِيمِ"" (الآية 1)، وفي سورة الزمر أيضًا: ""إِنَّا أَنْزَلْنَا إِلَيْكَ الْكِتَابَ بِالْحَقِّ فَاعْبُدِ اللَّهَ مُخْلِصًا لَهُ الدِّينَ"" (الآية 2). هذه الآيات تشير إلى أن القرآن نزل من الله العزيز الحكيم، وأن على المسلمين أن يتدبروا آياته ويعملوا بها.
وفي سورة البقرة، قال الله تعالى: ""الَّذِينَ آمَنُوا وَتَطْمَئِنُّ قُلُوبُهُمْ بِذِكْرِ اللَّهِ ۗ أَلَا بِذِكْرِ اللَّهِ تَطْمَئِنُّ الْقُلُوبُ"" (الآية 285). هذه الآية تشير إلى أن ذكر الله يطمئن القلوب، وأن التدبر في آيات الله هو من ذكر الله.
وفي سورة آل عمران، قال الله تعالى: ""إِنَّ فِي خَلْقِ السَّمَاوَاتِ وَالْأَرْضِ وَاخْتِلَافِ اللَّيْلِ وَالنَّهَارِ لَآيَاتٍ لِأُولِي الْأَلْبَابِ"" (الآية 190). هذه الآية تشير إلى أن في خلق السماوات والأرض واختلاف الليل والنهار آيات لأولي الألباب، أي الذين يتدبرون آيات الله.
وفي سورة الرعد، قال الله تعالى: ""إِنَّمَا يَخْشَى اللَّهَ مِنْ عِبَادِهِ الْعُلَمَاءُ ۗ إِنَّ اللَّهَ عَزِيزٌ غَفُورٌ"" (الآية 28). هذه الآية تشير إلى أن العلماء هم الذين يخشون الله، وأن الخشية من الله تأتي من التدبر في آياته.
وفي سورة الزمر، قال الله تعالى: ""وَمَا قَدَرُوا اللَّهَ حَقَّ قَدْرِهِ ۗ وَالْأَرْضُ جَمِيعًا قَبْضَتُهُ يَوْمَ الْقِيَامَةِ وَالسَّمَاوَاتُ مَطْوِيَّاتٌ بِيَمِينِهِ ۗ سُبْحَانَهُ وَتَعَالَىٰ عَمَّا يُشْرِكُونَ"" (الآية 67). هذه الآية تشير إلى أن الله هو العزيز الحكيم، وأن على المسلمين أن يتدبروا آياته ليعرفوا عظمته وجلاله.
وفي سورة الزمر أيضًا، قال الله تعالى: ""لَا تُدْرِكُهُ الْأَبْصَارُ وَهُوَ يُدْرِكُ الْأَبْصَارَ ۗ وَهُوَ اللَّطِيفُ الْخَبِيرُ"" (الآية 10). هذه الآية تشير إلى أن الله هو اللطيف الخبير، وأن على المسلمين أن يتدبروا آياته ليعرفوا لطفه وخبرته.
وفي سورة الزمر أيضًا، قال الله تعالى: ""قُلْ يَا قَوْمِ اعْمَلُوا عَلَىٰ مَكَانَتِكُمْ إِنِّي عَامِلٌ ۖ فَسَوْفَ تَعْلَمُونَ"" (الآية 39). هذه الآية تشير إلى أن على المسلمين أن يعملوا بما أنزل الله، وأن يتدبروا آياته ليعرفوا الحق من الباطل.
وفي سورة الزمر أيضًا، قال الله تعالى: ""فَأَعْرِضْ عَنْهُمْ وَانْتَظِرْ ۖ إِنَّهُمْ مُنْتَظِرُونَ"" (الآية 30). هذه الآية تشير إلى أن على المسلمين أن يعرضوا عن الباطل وينتظروا ما وعد الله به المؤمنين.
وفي سورة الزمر أيضًا، قال الله تعالى: ""فَأَعْرِضْ عَنْ مَنْ تَوَلَّىٰ عَنْ ذِكْرِنَا وَلَمْ يُرِدْ إِلَّا الْحَيَاةَ الدُّنْيَا"" (الآية 29). هذه الآية تشير إلى أن على المسلمين أن يعرضوا عن من أعرض عن ذكر الله ولم يرد إلا الحياة الدنيا.
وفي سورة الزمر أيضًا، قال الله تعالى: ""فَأَعْرِضْ عَنْهُمْ وَانْتَظِرْ ۖ إِنَّهُمْ مُنْتَظِرُونَ"" (الآية 30). هذه الآية تشير إلى أن على"	13	Ayah	2631	2688	فَأَعْرِضْ عَنْهُمْ وَانْتَظِرْ ۖ إِنَّهُمْ مُنْتَظِرُونَ
A-Q09	Model-2	من الذي خسف الله به الأرض؟	"الإجابة على السؤال هي أهل الكتاب، وهم قوم نوح، وهم الذين كذبوا رسوله نوح، ورفضوا الدعوة إلى التوبة والتوحيد.
قال الله تعالى: {وَقَالَ لَهُمْ نُوحٌ أَلَا تَتُوبُونَ إِلَى اللَّهِ يَا بَنِي آدَمَ أَنَّهُ هُوَ رَبُّكُمْ أَرَضَانَ أَنْ تُفْسِدُوا فِي الْأَرْضِ وَتُخْرِجُوا مِنْهَا دُونَ اللَّهِ سِبْيًا أَأَنتُم بِهَذَا ظَالِمُونَ} [الفرقان: 24]
وَقَالَ لَهُمْ نُوحٌ أَلَا تَتَخْشَعُونَ قَالَ رَبِّ إِنَّهُمْ عَصَوْنَ وَاتَّبَعُوا أَهْوَاءَهُمْ وَكُلُ أُمَّةٍ بِنَصْبِهَا أَجَزَاءُ ضَنِينٌ} [هود: 69]
قال الله تعالى: {قَالَ رَبِّ إِنَّ قَوْمِيْ تَخْدَعُونَ} [هود: 89]
وقال الله تعالى: {وَلَقَدْ أَرْسَلْنَا فِرْعَوْنَ إِلَى بَنِي إِسْرَائِيلَ فَقَالَ لَهُمْ أَنَا رَبُّكُمُ الْأَعْلَى} [الغاشية: 24]
وقال الله تعالى: {وَإِن جَزِبْنَاهُمْ حَتّى إِذَا جَزِبْنَاهُمْ بَخِيلٌ كَأَن لَمْ نَرَوْهُمْ وَدَخَلْنَاهُمْ بَخِيلًا كَأَن لَمْ نَخْلُقْهُمْ بَلْ هُمْ قَوْمٌ طَغَى فِي الْعِلْمِ وَاتَّبَعُوا لَهْوَ قَلْبِهِمْ وَزَعَزَعَهُمُ الْبَخِلاءُ} [الفرقان: 20]
وقال الله تعالى: {وَقَالَ لَهُمْ أَتَعْرِفُونَ اللَّهَ وَهُوَ يُزَيِّلُكُمْ لَهُ دِينُكُمْ وَلَوْ شَاءَ لَرَفَعَكُمْ تَضْوَلاً} [الفرقان: 3]
وقال الله تعالى: {وَلَقَدْ أَرْسَلْنَا إِلَيْهِمْ رَسُولًا مِنْهُمْ فَقَالُوا لَوْ يَطَاعُ مِنْهُمْ لَأَطَعْنَا} [الفرقان: 7]
وقال الله تعالى: {وَلَقَدْ أَرْسَلْنَا إِلَيْهِمْ رَسُولًا مِنْهُمْ فَقَالُوا لَوْ يَطَاعُ مِنْهُمْ لَأَطَعْنَا} [الفرقان: 7]
وقال الله تعالى: {وَلَقَدْ أَرْسَلْنَا إِلَيْهِمْ رَسُولًا مِنْهُمْ فَقَالُوا لَوْ يَطَاعُ مِنْهُمْ لَأَطَعْنَا} [الفرقان: 7]
وقال الله تعالى: {وَلَقَدْ أَرْسَلْنَا إِلَيْهِمْ رَسُولًا مِنْهُمْ فَقَالُوا لَوْ يَطَاعُ مِنْهُمْ لَأَطَعْنَا} [الفرقان: 7]
وقال الله تعالى: {وَلَقَدْ أَرْسَلْنَا إِلَيْهِمْ رَسُولًا مِنْهُمْ فَقَالُوا لَوْ يَطَاعُ مِنْهُمْ لَأَطَعْنَا} [الفرقان: 7]
وقال الله تعالى: {وَلَقَدْ أَرْسَلْنَا إِلَيْهِمْ رَسُولًا مِنْهُمْ فَقَالُوا لَوْ"	10	Ayah	1487	1580	وَلَقَدْ أَرْسَلْنَا إِلَيْهِمْ رَسُولًا مِنْهُمْ فَقَالُوا لَوْ يَطَاعُ مِنْهُمْ لَأَطَعْنَا
A-Q11	Model-4	ما هي منزلة من يقتل في سبيل الله؟	" قال الله تعالى في كتابه الكريم: ""يَا أَيُّهَا الَّذِينَ آمَنُوا هَلْ أَدُلُّكُمْ عَلَى تِجَارَةٍ تُنْجِيكُمْ مِنْ عَذَابٍ أَلِيمٍ * تُؤْمِنُونَ بِاللَّهِ وَرَسُولِهِ وَتُجَاهِدُونَ فِي سَبِيلِ اللَّهِ بِأَمْوَالِكُمْ وَأَنْفُسِكُمْ ذَلِكُمْ خَيْرٌ لَكُمْ إِنْ كُنْتُمْ تَعْلَمُونَ"" (الصف: 10-11).
وقال النبي صلى الله عليه وسلم: ""مَن قُتِلَ دُونَ مَالِهِ فَهُوَ شَهِيدٌ، وَمَنْ قُتِلَ دُونَ أَهْلِهِ فَهُوَ شَهِيدٌ، وَمَنْ قُتِلَ دُونَ دِينِهِ فَهُوَ شَهِيدٌ، وَمَنْ قُتِلَ دُونَ دَمٍ هَدَرٍ فَهُوَ شَهِيدٌ"". (رواه الترمذي).
وقال النبي صلى الله عليه وسلم أيضًا: ""مَن قُتِلَ دُونَ مَالِهِ فَهُوَ شَهِيدٌ، وَمَنْ قُتِلَ دُونَ أَهْلِهِ فَهُوَ شَهِيدٌ، وَمَنْ قُتِلَ دُونَ دِينِهِ فَهُوَ شَهِيدٌ، وَمَنْ قُتِلَ دُونَ دَمٍ هَدَرٍ فَهُوَ شَهِيدٌ"". (رواه الترمذي).
وقال النبي صلى الله عليه وسلم: ""مَن قُتِلَ دُونَ مَالِهِ فَهُوَ شَهِيدٌ، وَمَنْ قُتِلَ دُونَ أَهْلِهِ فَهُوَ شَهِيدٌ، وَمَنْ قُتِلَ دُونَ دِينِهِ فَهُوَ شَهِيدٌ، وَمَنْ قُتِلَ دُونَ دَمٍ هَدَرٍ فَهُوَ شَهِيدٌ"". (رواه الترمذي).
وقال النبي صلى الله عليه وسلم: ""مَن قُتِلَ دُونَ مَالِهِ فَهُوَ شَهِيدٌ، وَمَنْ قُتِلَ دُونَ أَهْلِهِ فَهُوَ شَهِيدٌ، وَمَنْ قُتِلَ دُونَ دِينِهِ فَهُوَ شَهِيدٌ، وَمَنْ قُتِلَ دُونَ دَمٍ هَدَرٍ فَهُوَ شَهِيدٌ"". (رواه الترمذي).
وقال النبي صلى الله عليه وسلم: ""مَن قُتِلَ دُونَ مَالِهِ فَهُوَ شَهِيدٌ، وَمَنْ قُتِلَ دُونَ أَهْلِهِ فَهُوَ شَهِيدٌ، وَمَنْ قُتِلَ دُونَ دِينِهِ فَهُوَ شَهِيدٌ، وَمَنْ قُتِلَ دُونَ دَمٍ هَدَرٍ فَهُوَ شَهِيدٌ"". (رواه الترمذي).
وقال النبي صلى الله عليه وسلم: ""مَن قُتِلَ دُونَ مَالِهِ فَهُوَ شَهِيدٌ، وَمَنْ قُتِلَ دُونَ أَهْلِهِ فَهُوَ شَهِيدٌ، وَمَنْ قُتِلَ دُونَ دِينِهِ فَهُوَ شَهِيدٌ، وَمَنْ قُتِلَ دُونَ دَمٍ هَدَرٍ فَهُوَ شَهِيدٌ"". (رواه الترمذي).
وقال النبي صلى الله عليه وسلم: ""مَن قُتِلَ دُونَ مَالِهِ فَهُوَ شَهِيدٌ، وَمَنْ قُتِلَ دُونَ أَهْلِهِ فَهُوَ شَهِيدٌ، وَمَنْ قُتِلَ دُونَ دِينِهِ فَهُوَ شَهِيدٌ، وَمَنْ قُتِلَ دُونَ دَمٍ هَدَرٍ فَهُوَ شَهِيدٌ"". (رواه الترمذي).
وقال النبي صلى الله عليه وسلم: ""مَن قُتِلَ دُونَ مَالِهِ فَهُوَ شَهِيدٌ، وَمَنْ قُتِلَ دُونَ أَهْلِهِ فَهُوَ شَهِيدٌ، وَمَنْ قُتِلَ دُونَ دِينِهِ فَهُوَ شَهِيدٌ، وَمَنْ قُتِلَ دُونَ دَمٍ هَدَرٍ فَهُوَ شَهِيدٌ"". (رواه الترمذي).
وقال النبي صلى الله عليه وسلم: ""مَن قُتِلَ دُونَ مَالِهِ فَهُوَ شَهِيدٌ، وَمَنْ قُتِلَ دُونَ أَهْلِهِ فَهُوَ شَهِيدٌ، وَمَنْ قُتِلَ دُونَ دِينِهِ فَهُوَ شَهِيدٌ، وَمَنْ قُتِلَ دُونَ دَمٍ هَدَرٍ فَهُوَ شَهِيدٌ"". (رواه الترمذي).
وقال النبي صلى الله عليه وسلم: ""مَن قُتِلَ دُونَ مَالِهِ فَهُوَ شَهِيدٌ، وَمَنْ قُتِلَ دُونَ أَهْلِهِ فَهُوَ شَهِيدٌ، وَمَنْ قُتِلَ دُونَ دِينِهِ فَهُوَ شَهِيدٌ، وَمَنْ قُتِلَ دُونَ دَمٍ هَدَرٍ فَهُوَ شَهِيدٌ"". (رواه الترمذي).
وقال النبي صلى الله عليه وسلم: ""مَن قُتِلَ دُونَ مَالِهِ فَهُوَ شَهِيدٌ، وَمَنْ قُتِلَ دُونَ أَهْلِهِ فَهُوَ شَهِيدٌ، وَمَنْ قُتِلَ دُونَ دِينِهِ فَهُوَ شَهِيدٌ، وَمَنْ قُتِلَ دُونَ دَمٍ هَدَرٍ فَهُوَ شَهِيدٌ"". (رواه الترمذي).
وقال النبي صلى الله عليه وسلم: ""مَن قُتِلَ دُونَ مَالِهِ فَهُوَ شَهِيدٌ، وَمَنْ قُتِلَ دُونَ أَهْل"	6	Hadith	1244	1420	مَن قُتِلَ دُونَ مَالِهِ فَهُوَ شَهِيدٌ، وَمَنْ قُتِلَ دُونَ أَهْلِهِ فَهُوَ شَهِيدٌ، وَمَنْ قُتِلَ دُونَ دِينِهِ فَهُوَ شَهِيدٌ، وَمَنْ قُتِلَ دُونَ دَمٍ هَدَرٍ فَهُوَ شَهِيدٌ
A-Q30	Model-1	ما هي منزلة من يقتل في سبيل الله؟	"وفقا لمعلوماتي، فإن منزلة من يقتل في سبيل الله عظيمة جدا، حيث يعتبر شهيدا، وله مكانة عالية عند الله تعالى. وقد ورد في القرآن الكريم عدة آيات تشير إلى فضل الشهداء ومكانتهم عند الله، منها قوله تعالى: ""وَلا تَحْسَبَنَّ الَّذِينَ قُتِلُوا فِي سَبِيلِ اللَّهِ أَمْوَاتًا بَلْ أَحْيَاءٌ عِنْدَ رَبِّهِمْ يُرْزَقُونَ"" (آل عمران: ١٦٩).
كما ذكر الحديث الشريف الذي رواه البخاري في صحيحه أن رسول الله صلى الله عليه وسلم قال: إن في الجنة مائة درجة أعدها الله للمجاهدين في سبيل الله، ما بين الدرجتين كما بين السماء والأرض، فإذا سألتم الله فاسألوه الفردوس، فإنه أوسط الجنة، ومنه تفجر أنهار الجنة، وفوقه عرش الرحمن.
كما ذكر أيضا أن أرواح الشهداء في أجواف طير خضر معلقة تحت العرش، وأنهم يغفر لهم كل ذنب اقترفوه إلا مائة درجة أعدها الله للمجاهدين في سبيله.
وقد ذكر أيضا أن للشهيد عند الله ست خصال: يغفر له في أول دفعة، ويرى مقعده من الجنة، ويجار من عذاب القبر، ويأمن من الفزع الأكبر، ويوضع على رأسه تاج الوقار الياقوتة منه خير من الدنيا وما فيها، ويزوج اثنتين وسبعين زوجة من الحور العين، ويشفع في سبعين من أقاربه.
كما روى مسلم وأبو داود وابن حبان أن رسول الله صلى الله عليه وسلم قال: من سأل الله الشهادة بصدق بلغه الله منازل الشهداء وإن مات على فراشه.
وبالتالي، فإن منزلة من يقتل في سبيل الله عالية جدا، حيث يعتبر شهيدا ويحظى بمكانة خاصة عند الله تعالى.
References:
[1] شرح رياض الصالحين لابن عثيمين [306] - ابن عثيمين
قال هو في النار)) وقال النبي ﵊: ((من قتل دون دمه فهو شهيد، ومن قتل دون أهله فهو شهيد، ومن قتل دون ماله فهو شهيد)) . ومن الشهداء أيضا: من قتل ظلما، كأن يعتدي عليه إنسان فيقتله غيلة ـ ظلما ـ فهذا شهيد. ولكن أعلى الشهداء هم الذين يقتلون في سبيل الله؛ كما قال تعالى: (وَلا تَحْسَبَنَّ الَّذِينَ قُتِلُوا فِي سَبِيلِ اللَّهِ أَمْوَاتاً بَلْ أَحْيَاءٌ عِنْدَ رَبِّهِمْ يُرْزَقُونَ فَرِحِينَ بِمَا آتَاهُمُ اللَّهُ مِنْ فَضْلِهِ وَيَسْتَبْشِرُونَ بِالَّذِينَ لَمْ يَلْحَقُوا بِهِمْ مِنْ خَلْفِهِمْ أَلَّا خَوْفٌ عَلَيْهِمْ وَلا هُمْ يَحْزَنُونَ (يَسْتَبْشِرُونَ بِنِعْمَةٍ مِنَ اللَّهِ وَفَضْلٍ وَأَنَّ اللَّهَ لا يُضِيعُ أَجْرَ الْمُؤْمِنِينَ) (آل عمران ١٦٩ ـ١٧١) ، هؤلاء الشهداء في الآية وهم: الذين قاتلوا لتكون كلمة الله هي العليا، فما قاتلوا لحظوظ أنفسهم، وما قاتلوا لأموالهم، وإنما قاتلوا لتكون كلمة الله هي العليا، كما قال لك النبي ﵊ حين سئل عن الرجل يقاتل شجاعة ويقاتل حمية ويقاتل ليرى مكانه، أي ذلك في سبيل الله؟ قال: ((من قاتل لتكون كلمة الله هي العليا فهو في سبيل الله)) . [...]
[2] مجموع فتاوى ورسائل العثيمين [10296] - ابن عثيمين
- ﷺ ""من قتل دون دمه فهو شهيد، ومن قتل دون ماله فهو شهيد"" (١) ، ولكن لا نلحقهم بالشهداء الذين قتلوا في سبيل الله؛ لأن هؤلاء أتوا إلى المعركة باختيارهم مع علمهم بشراسة العدو، وأما أولئك فإنهم قتلوا بغير اختيارٍ منهم، ولذلك تجدهم يدافعون عن أنفسهم. س ٩٣: سئل فضيلة الشيخ- ﵀: ما هو جزاء الشهيد ومكانته عند الله؟ وهل يغفر الله- ﷿ الكبائر التي اقترفها ذلك الشهيد قبل أن يتوب منها؟ وهل يعتبر الشهيد من الستة الذين يظلهم الله في ظله؟ فأجاب بقوله: جزاء الشهيد ومكانته عند الله ما ذكره الله تعالى في قوله: (وَلَا تَحْسَبَنَّ الَّذِينَ قُتِلُوا فِي سَبِيلِ اللَّهِ أَمْوَاتًا بَلْ أَحْيَاءٌ عِنْدَ رَبِّهِمْ يُرْزَقُونَ) (٢) . [...]
[3] فتاوى الشبكة الإسلامية [49725] - مجموعة من المؤلفين
مائة درجة أعدها الله للمجاهدين في سبيله [السُّؤَالُ] ـ[منزلة الشهيد عند الله؟]ـ [الفَتْوَى] الحمد لله والصلاة والسلام على رسول الله وعلى آله وصحبه أما بعد: فإن الشهيد في سبيل الله تعالى بمنزلة عظيمة لأنه قدم أغلى ما يملك ابتغاء ثواب الله تعالى، واختار الحياة الأخروية الخالدة على الحياة الدنيوية القصيرة الفانية، ويعسر أن نحصي النصوص الشرعية المفصلة لثواب الشهيد في سبيل الله، ولعلنا نقتصر منها على الأمثلة التالية: فقد أخرج البخاري في صحيحه أن رسول الله ﷺ قال: إن في الجنة مائة درجة أعدها الله للمجاهدين في سبيل الله، ما بين الدرجتين كما بين السماء والأرض، فإذا سألتم الله فاسألوه الفردوس، فإنه أوسط الجنة، ومنه تفجر أنهار الجنة، وفوقه عرش الرحمن. وأخرج أبو داود في سننه أن رسول الله ﷺ قال: لما أصيب إخوانكم بأحد جعل الله أرواحهم في أجواف طير خضر ترد أنهار الجنة وتأكل من ثمارها وتأوي إلى قناديل من ذهب معلقة في ظل العرش، فلما وجدوا طيب مأكلهم ومشربهم ومقيلهم قالوا: من يبلغ إخواننا عنا أنا أحياء في الجنة نرزق لئلا يزهدوا في الشهادة، ولا ينكلوا عن الحرب؟ فقال الله تعالى: أنا أبلغهم عنكم، وأنزل الله تعالى: وَلا تَحْسَبَنَّ الَّذِينَ قُتِلُوا فِي سَبِيلِ اللَّهِ أَمْوَاتاً بَلْ أَحْيَاءٌ عِنْدَ رَبِّهِمْ يُرْزَقُونَ* فَرِحِينَ بِمَا آتَاهُمُ اللَّهُ مِنْ فَضْلِهِ وَيَسْتَبْشِرُونَ بِالَّذِينَ لَمْ يَلْحَقُوا بِهِمْ مِنْ خَلْفِهِمْ أَلَّا خَوْفٌ عَلَيْهِمْ وَلا هُمْ يَحْزَنُونَ* يَسْتَبْشِرُونَ بِنِعْمَةٍ مِنَ اللَّهِ وَفَضْلٍ وَأَنَّ اللَّهَ لا يُضِيعُ أَجْرَ الْمُؤْمِنِينَ. وقال ﷺ: للشهيد عند الله ست خصال: يغفر له في أول دفعة، ويرى مقعده من الجنة، ويجار من عذاب القبر، ويأمن من الفزع الأكبر، ويوضع على رأسه تاج الوقار الياقوتة منه خير من الدنيا وما فيها، ويزوج اثنتين وسبعين زوجة من الحور العين، ويشفع في سبعين من أقاربه. رواه الترمذي وأحمد وابن ماجه. [...]
[4] https://islamweb.net/ar/fatwa/313249/
العنوان: تفسير قوله تعالى: والذين هاجروا في سبيل الله ثم قتلوا أو ماتوا, السؤال: تفسير الآية: ""والذين قتلوا ثم ماتوا"" هل هو دليل على أن فضل المهاجر كفضل الشهيد، أو قريب منه؟, الجواب: الحمد لله، والصلاة والسلام على رسول الله، وعلى آله، وصحبه، أما بعد: فلعل السائل يقصد قوله تعالى: وَالَّذِينَ هَاجَرُوا فِي سَبِيلِ اللَّهِ ثُمَّ قُتِلُوا أَوْ مَاتُوا لَيَرْزُقَنَّهُمُ اللَّهُ رِزْقًا حَسَنًا وَإِنَّ اللَّهَ لَهُوَ خَيْرُ الرَّازِقِينَ {الحج:58}. وهذه الآية وردت في شأن المهاجرين، وفضلهم، وبيان مكانتهم، سواء قتلوا أم ماتوا على فرشهم، وقد صرح بعض أهل العلم بفضل الشهيد منهم على من مات حتف أنفه، وقال بعضهم: هما سواء؛ قال القرطبي في تفسيره: أفرد ذكر المهاجرين الذين ماتوا وقتلوا تفضيلًا لهم، وتشريفًا على سائر الموتى. وسبب نزول هذه الآية أنه لما مات بالمدينة عثمان بن مظعون، وأبو سلمة بن عبد الأسد، قال بعض الناس: من قتل في سبيل الله أفضل ممن مات حتف أنفه؛ فنزلت هذه الآية مسوية بينهم، وأن الله يرزق جميعهم رزقًا حسنًا، وظاهر الشريعة يدل على أن المقتول أفضل. وقد قال بعض أهل العلم: إن المقتول في سبيل الله والميت في سبيل الله شهيد؛ ولكن للمقتول مزية ما أصابه في ذات الله. وقال بعضهم: هما سواء، واحتج بالآية، وبقوله تعالى: ومن يخرج من بيته مهاجرًا إلى الله ورسوله ثم يدركه الموت فقد وقع أجره على الله، وبحديث أم حرام؛ فإنها صرعت عن دابتها فماتت ولم تقتل، فقال لها النبي صلى الله عليه وسلم: أنت من الأولين. [...]"	15	Hadith	6014	6028	أنت من الأولين
A-Q32	Model-3	"لماذا تزوج النبي (ص) أكثر من أربعة نساء مع ان الآية 3  من سورة النساء ورد فيها ""فانكحوا ما طاب لكم من النساء مثنى وثلاث ورباع""؟"	 بسم الله الرحمن الرحيم. الجواب هو أنه سمح للنبي محمد (عليه الصلاة والسلام) بتعدد الزوجات لحكم العديد من المجتمعات المختلفة ولتثبيت الإسلام كدين للدولة. ومع ذلك، فإن تعدد الزوجات ليس شرطا أساسيا للرجال المسلمين اليوم وهو مسألة اختيار شخصي وفقا للشريعة الإسلامية.	0	NoAnnotation	0	0	
A-Q37	Model-5	هل تدبر القرآن فرض؟	"لا، تدبر القرآن الكريم ليس فرضاً، ولكن يُستحبّ ويُفضّل. وقد حثّنا الله سبحانه وتعالى على تدبر القرآن الكريم في العديد من الآيات، مثل قوله تعالى: ""أَفَلَا يَتَدَبَّرُونَ الْقُرْآنَ"" [النساء: 82]، وقوله تعالى: ""كِتَابٌ أَنْزَلْنَاهُ إِلَيْكَ مُبَارَكٌ لِيَدَّبَّرُوا آيَاتِهِ وَلِيَتَذَكَّرَ أُولُو الْأَلْبَابِ"" [ص: 29].
كما حثّنا النبي صلى الله عليه وسلم على تدبر القرآن الكريم، حيث روى أبو هريرة رضي الله عنه أن النبي صلى الله عليه وسلم قال: ""إن الله كتب كتاباً قبل أن يخلق السماوات والأرض بألفي عام، وهو عنده فوق العرش، إن رحمتي سبقت غضبي"" [رواه البخاري ومسلم]. وفي هذا الحديث دليل على أهمية تدبر القرآن الكريم وفهم معانيه.
كما روى أبو سعيد الخدري رضي الله عنه أن النبي صلى الله عليه وسلم قال: ""إن الله كتب كتاباً قبل أن يخلق السماوات والأرض بألفي عام، وهو عنده فوق العرش، إن رحمتي سبقت غضبي"" [رواه البخاري ومسلم]. وفي هذا الحديث دليل على أهمية تدبر القرآن الكريم وفهم معانيه.
ومع ذلك، فإن تدبر القرآن الكريم ليس فرضاً، بل هو من الأعمال المستحبة التي تُثاب عليها، كما قال تعالى: ""وَتَزَوَّدُوا فَإِنَّ خَيْرَ الزَّادِ التَّقْوَى"" [البقرة: 197]."	5	Ayah	982	1030	وَتَزَوَّدُوا فَإِنَّ خَيْرَ الزَّادِ التَّقْوَى
A-Q12	Model-4	هل تدبر القرآن فرض؟	" تدبر القرآن الكريم هو من الأمور المهمة في حياة المسلم، وهو واجب على كل مسلم ومسلمة. قال الله تعالى في سورة الزمر: ""قُلْ آمِنُوا بِهِ أَوْ لَا تُؤْمِنُوا إِنَّ الَّذِينَ أُوتُوا الْعِلْمَ مِنْ قَبْلِهِ إِذَا يُتْلَى عَلَيْهِمْ يَخِرُّونَ لِلْأَذْقَانِ سُجَّدًا"" (الآية 59). هذه الآية تشير إلى أهمية الإيمان بالقرآن وتدبره.
كما قال النبي صلى الله عليه وسلم في الحديث الشريف: ""إن لله أهلين من الناس"" قالوا يا رسول الله من هم قال ""هم أهل القرآن أهل الله وخاصته"" (رواه أحمد). هذا الحديث يدل على أن أهل القرآن هم الذين يتدبرون آياته ويعملون بها.
وفي حديث آخر قال النبي صلى الله عليه وسلم: ""القرآن حجة لك أو عليك"" (رواه مسلم). هذا الحديث يوضح أن القرآن سيكون حجة لمن يتدبره ويعمل به، وسيكون حجة على من يتجاهله ولا يتدبره.
قال الله تعالى في سورة الزمر: ""تَنزِيلُ الْكِتَابِ مِنَ اللَّهِ الْعَزِيزِ الْحَكِيمِ"" (الآية 1)، وفي سورة الزمر أيضًا: ""إِنَّا أَنْزَلْنَا إِلَيْكَ الْكِتَابَ بِالْحَقِّ فَاعْبُدِ اللَّهَ مُخْلِصًا لَهُ الدِّينَ"" (الآية 2). هذه الآيات تشير إلى أن القرآن نزل من الله العزيز الحكيم، وأن على المسلمين أن يتدبروا آياته ويعملوا بها.
وفي سورة البقرة، قال الله تعالى: ""الَّذِينَ آمَنُوا وَتَطْمَئِنُّ قُلُوبُهُمْ بِذِكْرِ اللَّهِ ۗ أَلَا بِذِكْرِ اللَّهِ تَطْمَئِنُّ الْقُلُوبُ"" (الآية 285). هذه الآية تشير إلى أن ذكر الله يطمئن القلوب، وأن التدبر في آيات الله هو من ذكر الله.
وفي سورة آل عمران، قال الله تعالى: ""إِنَّ فِي خَلْقِ السَّمَاوَاتِ وَالْأَرْضِ وَاخْتِلَافِ اللَّيْلِ وَالنَّهَارِ لَآيَاتٍ لِأُولِي الْأَلْبَابِ"" (الآية 190). هذه الآية تشير إلى أن في خلق السماوات والأرض واختلاف الليل والنهار آيات لأولي الألباب، أي الذين يتدبرون آيات الله.
وفي سورة الرعد، قال الله تعالى: ""إِنَّمَا يَخْشَى اللَّهَ مِنْ عِبَادِهِ الْعُلَمَاءُ ۗ إِنَّ اللَّهَ عَزِيزٌ غَفُورٌ"" (الآية 28). هذه الآية تشير إلى أن العلماء هم الذين يخشون الله، وأن الخشية من الله تأتي من التدبر في آياته.
وفي سورة الزمر، قال الله تعالى: ""وَمَا قَدَرُوا اللَّهَ حَقَّ قَدْرِهِ ۗ وَالْأَرْضُ جَمِيعًا قَبْضَتُهُ يَوْمَ الْقِيَامَةِ وَالسَّمَاوَاتُ مَطْوِيَّاتٌ بِيَمِينِهِ ۗ سُبْحَانَهُ وَتَعَالَىٰ عَمَّا يُشْرِكُونَ"" (الآية 67). هذه الآية تشير إلى أن الله هو العزيز الحكيم، وأن على المسلمين أن يتدبروا آياته ليعرفوا عظمته وجلاله.
وفي سورة الزمر أيضًا، قال الله تعالى: ""لَا تُدْرِكُهُ الْأَبْصَارُ وَهُوَ يُدْرِكُ الْأَبْصَارَ ۗ وَهُوَ اللَّطِيفُ الْخَبِيرُ"" (الآية 10). هذه الآية تشير إلى أن الله هو اللطيف الخبير، وأن على المسلمين أن يتدبروا آياته ليعرفوا لطفه وخبرته.
وفي سورة الزمر أيضًا، قال الله تعالى: ""قُلْ يَا قَوْمِ اعْمَلُوا عَلَىٰ مَكَانَتِكُمْ إِنِّي عَامِلٌ ۖ فَسَوْفَ تَعْلَمُونَ"" (الآية 39). هذه الآية تشير إلى أن على المسلمين أن يعملوا بما أنزل الله، وأن يتدبروا آياته ليعرفوا الحق من الباطل.
وفي سورة الزمر أيضًا، قال الله تعالى: ""فَأَعْرِضْ عَنْهُمْ وَانْتَظِرْ ۖ إِنَّهُمْ مُنْتَظِرُونَ"" (الآية 30). هذه الآية تشير إلى أن على المسلمين أن يعرضوا عن الباطل وينتظروا ما وعد الله به المؤمنين.
وفي سورة الزمر أيضًا، قال الله تعالى: ""فَأَعْرِضْ عَنْ مَنْ تَوَلَّىٰ عَنْ ذِكْرِنَا وَلَمْ يُرِدْ إِلَّا الْحَيَاةَ الدُّنْيَا"" (الآية 29). هذه الآية تشير إلى أن على المسلمين أن يعرضوا عن من أعرض عن ذكر الله ولم يرد إلا الحياة الدنيا.
وفي سورة الزمر أيضًا، قال الله تعالى: ""فَأَعْرِضْ عَنْهُمْ وَانْتَظِرْ ۖ إِنَّهُمْ مُنْتَظِرُونَ"" (الآية 30). هذه الآية تشير إلى أن على"	15	Ayah	3066	3123	فَأَعْرِضْ عَنْهُمْ وَانْتَظِرْ ۖ إِنَّهُمْ مُنْتَظِرُونَ
A-Q11	Model-4	ما هي منزلة من يقتل في سبيل الله؟	" قال الله تعالى في كتابه الكريم: ""يَا أَيُّهَا الَّذِينَ آمَنُوا هَلْ أَدُلُّكُمْ عَلَى تِجَارَةٍ تُنْجِيكُمْ مِنْ عَذَابٍ أَلِيمٍ * تُؤْمِنُونَ بِاللَّهِ وَرَسُولِهِ وَتُجَاهِدُونَ فِي سَبِيلِ اللَّهِ بِأَمْوَالِكُمْ وَأَنْفُسِكُمْ ذَلِكُمْ خَيْرٌ لَكُمْ إِنْ كُنْتُمْ تَعْلَمُونَ"" (الصف: 10-11).
وقال النبي صلى الله عليه وسلم: ""مَن قُتِلَ دُونَ مَالِهِ فَهُوَ شَهِيدٌ، وَمَنْ قُتِلَ دُونَ أَهْلِهِ فَهُوَ شَهِيدٌ، وَمَنْ قُتِلَ دُونَ دِينِهِ فَهُوَ شَهِيدٌ، وَمَنْ قُتِلَ دُونَ دَمٍ هَدَرٍ فَهُوَ شَهِيدٌ"". (رواه الترمذي).
وقال النبي صلى الله عليه وسلم أيضًا: ""مَن قُتِلَ دُونَ مَالِهِ فَهُوَ شَهِيدٌ، وَمَنْ قُتِلَ دُونَ أَهْلِهِ فَهُوَ شَهِيدٌ، وَمَنْ قُتِلَ دُونَ دِينِهِ فَهُوَ شَهِيدٌ، وَمَنْ قُتِلَ دُونَ دَمٍ هَدَرٍ فَهُوَ شَهِيدٌ"". (رواه الترمذي).
وقال النبي صلى الله عليه وسلم: ""مَن قُتِلَ دُونَ مَالِهِ فَهُوَ شَهِيدٌ، وَمَنْ قُتِلَ دُونَ أَهْلِهِ فَهُوَ شَهِيدٌ، وَمَنْ قُتِلَ دُونَ دِينِهِ فَهُوَ شَهِيدٌ، وَمَنْ قُتِلَ دُونَ دَمٍ هَدَرٍ فَهُوَ شَهِيدٌ"". (رواه الترمذي).
وقال النبي صلى الله عليه وسلم: ""مَن قُتِلَ دُونَ مَالِهِ فَهُوَ شَهِيدٌ، وَمَنْ قُتِلَ دُونَ أَهْلِهِ فَهُوَ شَهِيدٌ، وَمَنْ قُتِلَ دُونَ دِينِهِ فَهُوَ شَهِيدٌ، وَمَنْ قُتِلَ دُونَ دَمٍ هَدَرٍ فَهُوَ شَهِيدٌ"". (رواه الترمذي).
وقال النبي صلى الله عليه وسلم: ""مَن قُتِلَ دُونَ مَالِهِ فَهُوَ شَهِيدٌ، وَمَنْ قُتِلَ دُونَ أَهْلِهِ فَهُوَ شَهِيدٌ، وَمَنْ قُتِلَ دُونَ دِينِهِ فَهُوَ شَهِيدٌ، وَمَنْ قُتِلَ دُونَ دَمٍ هَدَرٍ فَهُوَ شَهِيدٌ"". (رواه الترمذي).
وقال النبي صلى الله عليه وسلم: ""مَن قُتِلَ دُونَ مَالِهِ فَهُوَ شَهِيدٌ، وَمَنْ قُتِلَ دُونَ أَهْلِهِ فَهُوَ شَهِيدٌ، وَمَنْ قُتِلَ دُونَ دِينِهِ فَهُوَ شَهِيدٌ، وَمَنْ قُتِلَ دُونَ دَمٍ هَدَرٍ فَهُوَ شَهِيدٌ"". (رواه الترمذي).
وقال النبي صلى الله عليه وسلم: ""مَن قُتِلَ دُونَ مَالِهِ فَهُوَ شَهِيدٌ، وَمَنْ قُتِلَ دُونَ أَهْلِهِ فَهُوَ شَهِيدٌ، وَمَنْ قُتِلَ دُونَ دِينِهِ فَهُوَ شَهِيدٌ، وَمَنْ قُتِلَ دُونَ دَمٍ هَدَرٍ فَهُوَ شَهِيدٌ"". (رواه الترمذي).
وقال النبي صلى الله عليه وسلم: ""مَن قُتِلَ دُونَ مَالِهِ فَهُوَ شَهِيدٌ، وَمَنْ قُتِلَ دُونَ أَهْلِهِ فَهُوَ شَهِيدٌ، وَمَنْ قُتِلَ دُونَ دِينِهِ فَهُوَ شَهِيدٌ، وَمَنْ قُتِلَ دُونَ دَمٍ هَدَرٍ فَهُوَ شَهِيدٌ"". (رواه الترمذي).
وقال النبي صلى الله عليه وسلم: ""مَن قُتِلَ دُونَ مَالِهِ فَهُوَ شَهِيدٌ، وَمَنْ قُتِلَ دُونَ أَهْلِهِ فَهُوَ شَهِيدٌ، وَمَنْ قُتِلَ دُونَ دِينِهِ فَهُوَ شَهِيدٌ، وَمَنْ قُتِلَ دُونَ دَمٍ هَدَرٍ فَهُوَ شَهِيدٌ"". (رواه الترمذي).
وقال النبي صلى الله عليه وسلم: ""مَن قُتِلَ دُونَ مَالِهِ فَهُوَ شَهِيدٌ، وَمَنْ قُتِلَ دُونَ أَهْلِهِ فَهُوَ شَهِيدٌ، وَمَنْ قُتِلَ دُونَ دِينِهِ فَهُوَ شَهِيدٌ، وَمَنْ قُتِلَ دُونَ دَمٍ هَدَرٍ فَهُوَ شَهِيدٌ"". (رواه الترمذي).
وقال النبي صلى الله عليه وسلم: ""مَن قُتِلَ دُونَ مَالِهِ فَهُوَ شَهِيدٌ، وَمَنْ قُتِلَ دُونَ أَهْلِهِ فَهُوَ شَهِيدٌ، وَمَنْ قُتِلَ دُونَ دِينِهِ فَهُوَ شَهِيدٌ، وَمَنْ قُتِلَ دُونَ دَمٍ هَدَرٍ فَهُوَ شَهِيدٌ"". (رواه الترمذي).
وقال النبي صلى الله عليه وسلم: ""مَن قُتِلَ دُونَ مَالِهِ فَهُوَ شَهِيدٌ، وَمَنْ قُتِلَ دُونَ أَهْل"	7	Hadith	1471	1647	مَن قُتِلَ دُونَ مَالِهِ فَهُوَ شَهِيدٌ، وَمَنْ قُتِلَ دُونَ أَهْلِهِ فَهُوَ شَهِيدٌ، وَمَنْ قُتِلَ دُونَ دِينِهِ فَهُوَ شَهِيدٌ، وَمَنْ قُتِلَ دُونَ دَمٍ هَدَرٍ فَهُوَ شَهِيدٌ
A-Q44	Model-5	من هم الملائكة المذكورون في القرآن؟	"""
قال رسول الله صلى الله عليه وسلم: ""إن الملائكة تنزل في هذه المساجد، فإذا رأوا أحداً من أمتي قد صلى ركعتين قبل أن يجلس، قالوا: اللهم اغفر له، اللهم ارحمه، اللهم ارض عنه، اللهم اقبل منه، اللهم اكتب له الأجر، اللهم ارفع درجته، اللهم اجعل له خيراً مما ترك، وخلفاً مما خلف"". 
2
وَإِذْ قَالَ رَبُّكَ لِلْمَلَائِكَةِ إِنِّي خَالِقٌ بَشَرًا مِنْ طِينٍ
16
وَإِذْ قَالَ رَبُّكَ لِلْمَلَائِكَةِ إِنِّي خَالِقٌ بَشَرًا مِنْ طِينٍ
30
وَإِذْ قَالَ رَبُّكَ لِلْمَلَائِكَةِ إِنِّي خَالِقٌ بَشَرًا مِنْ طِينٍ
71
وَإِذْ قَالَ رَبُّكَ لِلْمَلَائِكَةِ إِنِّي خَالِقٌ بَشَرًا مِنْ طِينٍ
121
وَإِذْ قَالَ رَبُّكَ لِلْمَلَائِكَةِ إِنِّي خَالِقٌ بَشَرًا مِنْ طِينٍ
129
وَإِذْ قَالَ رَبُّكَ لِلْمَلَائِكَةِ إِنِّي خَالِقٌ بَشَرًا مِنْ طِينٍ
157
وَإِذْ قَالَ رَبُّكَ لِلْمَلَائِكَةِ إِنِّي خَالِقٌ بَشَرًا مِنْ طِينٍ
217
وَإِذْ قَالَ رَبُّكَ لِلْمَلَائِكَةِ إِنِّي خَالِقٌ بَشَرًا مِنْ طِينٍ
303
وَإِذْ قَالَ رَبُّكَ لِلْمَلَائِكَةِ إِنِّي خَالِقٌ بَشَرًا مِنْ طِينٍ
336
وَإِذْ قَالَ رَبُّكَ لِلْمَلَائِكَةِ إِنِّي خَالِقٌ بَشَرًا مِنْ طِينٍ
353
وَإِذْ قَالَ رَبُّكَ لِلْمَلَائِكَةِ إِنِّي خَ"	10	Ayah	872	942	وَإِذْ قَالَ رَبُّكَ لِلْمَلَائِكَةِ إِنِّي خَالِقٌ بَشَرًا مِنْ طِينٍ
