Sequence_ID	Correction
1	禺胤兀
2	禺胤兀
3	禺胤兀
4	禺胤兀
5	禺胤兀
6	禺胤兀
7	禺胤兀
8	禺胤兀
9	禺胤兀
10	禺胤兀
11	禺胤兀
12	賵賻賱賻賯賻丿賿 兀賻乇賿爻賻賱賿賳賻丕 賲賽賳賿 賯賻亘賿賱賽賰賻 賮賽賷 卮賽賷賻毓賽 丕賱賿兀賻賵賾賻賱賽賷賳賻
13	禺胤兀
14	禺胤兀
15	禺胤兀
16	禺胤兀
17	禺胤兀
18	禺胤兀
19	賵賻賯賻丕賱賻 賲購賵爻賻賶侔 廿賽賳賿 鬲賻賰賿賮購乇購賵丕 兀賻賳賿鬲購賲賿 賵賻賲賻賳賿 賮賽賷 丕賱賿兀賻乇賿囟賽 噩賻賲賽賷毓賸丕 賮賻廿賽賳賾賻 丕賱賱賾賻賴賻 賱賻睾賻賳賽賷賾賹 丨賻賲賽賷丿賹
20	禺胤兀
21	禺胤兀
22	禺胤兀
23	禺胤兀
24	禺胤兀
25	禺胤兀
26	禺胤兀
27	禺胤兀
28	禺胤兀
29	禺胤兀
30	禺胤兀
31	禺胤兀
32	禺胤兀
33	禺胤兀
34	禺胤兀
35	禺胤兀
36	禺胤兀
37	禺胤兀
38	禺胤兀
39	禺胤兀
40	禺胤兀
41	禺胤兀
42	禺胤兀
43	禺胤兀
44	禺胤兀
45	禺胤兀
46	禺胤兀
47	禺胤兀
48	禺胤兀
49	禺胤兀
50	禺胤兀
51	禺胤兀
52	禺胤兀
53	禺胤兀
54	禺胤兀
55	禺胤兀
56	禺胤兀
57	禺胤兀
58	禺胤兀
59	禺胤兀
60	禺胤兀
61	禺胤兀
62	禺胤兀
63	禺胤兀
64	禺胤兀
65	禺胤兀
66	禺胤兀
67	禺胤兀
68	禺胤兀
69	禺胤兀
70	禺胤兀
71	禺胤兀
72	禺胤兀
73	禺胤兀
74	禺胤兀
75	禺胤兀
76	禺胤兀
77	禺胤兀
78	禺胤兀
79	禺胤兀
80	禺胤兀
81	禺胤兀
82	禺胤兀
83	禺胤兀
84	禺胤兀
85	禺胤兀
86	廿賽賳賾賻 丕賱賿賲購鬲賾賻賯賽賷賳賻 賮賽賷 賲賻賯賻丕賲賺 兀賻賲賽賷賳賺
87	禺胤兀
88	禺胤兀
89	禺胤兀
90	禺胤兀
91	禺胤兀
92	禺胤兀
93	禺胤兀
94	禺胤兀
95	禺胤兀
96	禺胤兀
97	禺胤兀
98	禺胤兀
99	禺胤兀
100	禺胤兀
101	禺胤兀
102	禺胤兀
103	禺胤兀
104	禺胤兀
105	禺胤兀
106	禺胤兀
107	賵賻丕賱賱賾賻賴購 禺賻賱賻賯賻 賰購賱賾賻 丿賻丕亘賾賻丞賺 賲賽賳賿 賲賻丕亍賺 蹡 賮賻賲賽賳賿賴購賲賿 賲賻賳賿 賷賻賲賿卮賽賷 毓賻賱賻賶侔 亘賻胤賿賳賽賴賽 賵賻賲賽賳賿賴購賲賿 賲賻賳賿 賷賻賲賿卮賽賷 毓賻賱賻賶侔 乇賽噩賿賱賻賷賿賳賽 賵賻賲賽賳賿賴購賲賿 賲賻賳賿 賷賻賲賿卮賽賷 毓賻賱賻賶侔 兀賻乇賿亘賻毓賺 蹥 賷賻禺賿賱購賯購 丕賱賱賾賻賴購 賲賻丕 賷賻卮賻丕亍購 蹥 廿賽賳賾賻 丕賱賱賾賻賴賻 毓賻賱賻賶侔 賰購賱賾賽 卮賻賷賿亍賺 賯賻丿賽賷乇賹
108	禺胤兀
109	禺胤兀
110	禺賻賷賿乇購賰購賲賿 禺賻賷賿乇購賰購賲賿 賱賽兀賻賴賿賱賽賴賽 貙 賵賻兀賻賳賻丕 禺賻賷賿乇購賰購賲賿 賱賽兀賻賴賿賱賽賷 .
111	禺胤兀
112	禺胤兀
113	禺胤兀
114	禺胤兀
115	禺胤兀
116	禺胤兀
117	禺胤兀
118	禺胤兀
119	禺胤兀
120	禺胤兀
121	禺胤兀
122	禺胤兀
123	禺胤兀
124	禺胤兀
125	禺胤兀
126	禺胤兀
127	禺胤兀
128	禺胤兀
129	禺胤兀
130	禺胤兀
131	禺胤兀
132	禺胤兀
133	禺胤兀
134	禺胤兀
135	禺胤兀
136	禺胤兀
137	禺胤兀
138	禺胤兀
139	禺胤兀
140	禺胤兀
141	禺胤兀
142	禺胤兀
143	禺胤兀
144	禺胤兀
145	禺胤兀
146	禺胤兀
147	禺胤兀
148	禺胤兀
149	禺胤兀
150	禺胤兀
151	禺胤兀
152	禺胤兀
153	禺胤兀
154	禺胤兀
155	禺胤兀
156	禺胤兀
157	禺胤兀
158	禺胤兀
159	禺胤兀
160	禺胤兀
161	禺胤兀
162	禺胤兀
163	禺胤兀
164	禺胤兀
165	禺胤兀
166	禺胤兀
167	禺胤兀
168	禺胤兀
169	禺胤兀
170	禺胤兀
171	禺胤兀
172	禺胤兀
173	禺胤兀
174	禺胤兀
175	禺胤兀
176	禺胤兀
177	禺胤兀
178	禺胤兀
179	禺胤兀
180	禺胤兀
181	禺胤兀
182	禺胤兀
183	禺胤兀
184	廿賽賳賾賻 丕賱賾賻匕賽賷賳賻 丌賲賻賳購賵丕 賵賻毓賻賲賽賱購賵丕 丕賱氐賾賻丕賱賽丨賻丕鬲賽 賱賻賴購賲賿 噩賻賳賾賻丕鬲賹 鬲賻噩賿乇賽賷 賲賽賳賿 鬲賻丨賿鬲賽賴賻丕 丕賱賿兀賻賳賿賴賻丕乇購 蹥 匕賻侔賱賽賰賻 丕賱賿賮賻賵賿夭購 丕賱賿賰賻亘賽賷乇購
185	禺胤兀
186	禺胤兀
187	禺胤兀
188	禺胤兀
189	禺胤兀
190	禺胤兀
191	禺胤兀
192	禺胤兀
193	禺胤兀
194	禺胤兀
195	禺胤兀
196	禺胤兀
197	禺胤兀
198	禺胤兀
199	禺胤兀
200	禺胤兀
201	禺胤兀
202	禺胤兀
203	禺胤兀
204	禺胤兀
205	禺胤兀
206	禺胤兀
207	禺胤兀
208	禺胤兀
209	禺胤兀
210	禺胤兀
211	禺胤兀
212	禺胤兀
213	禺胤兀
214	禺胤兀
215	禺胤兀
216	禺胤兀
217	禺胤兀
218	禺胤兀
219	禺胤兀
220	禺胤兀
221	禺胤兀
222	禺胤兀
223	禺胤兀
224	禺胤兀
225	禺胤兀
226	禺胤兀
227	禺胤兀
228	禺胤兀
229	禺胤兀
230	禺胤兀
231	禺胤兀
232	禺胤兀
233	禺胤兀
234	賵賻賰賻匕賻侔賱賽賰賻 賲賻丕 兀賻乇賿爻賻賱賿賳賻丕 賲賽賳賿 賯賻亘賿賱賽賰賻 賮賽賷 賯賻乇賿賷賻丞賺 賲賽賳賿 賳賻匕賽賷乇賺 廿賽賱賾賻丕 賯賻丕賱賻 賲購鬲賿乇賻賮購賵賴賻丕 廿賽賳賾賻丕 賵賻噩賻丿賿賳賻丕 丌亘賻丕亍賻賳賻丕 毓賻賱賻賶侔 兀購賲賾賻丞賺 賵賻廿賽賳賾賻丕 毓賻賱賻賶侔 丌孬賻丕乇賽賴賽賲賿 賲購賯賿鬲賻丿購賵賳賻
235	禺胤兀
236	禺胤兀
237	禺胤兀
238	禺胤兀
239	禺胤兀
240	禺胤兀
241	禺胤兀
242	禺胤兀
243	禺胤兀
244	禺胤兀
245	禺胤兀
246	禺胤兀
247	禺胤兀
248	禺胤兀
249	禺胤兀
250	禺胤兀
251	禺胤兀
252	禺胤兀
253	禺胤兀
254	禺胤兀
255	禺胤兀
256	禺胤兀
257	禺胤兀
258	禺胤兀
259	禺胤兀
260	禺胤兀
261	禺胤兀
262	禺胤兀
263	禺胤兀
264	禺胤兀
265	禺胤兀
266	禺胤兀
267	禺胤兀
268	禺胤兀
269	禺胤兀
270	禺胤兀
271	禺胤兀
272	禺胤兀
273	禺胤兀
274	禺胤兀
275	禺胤兀
276	禺胤兀
277	禺胤兀
278	賵賻廿賽賳賿 禺賽賮賿鬲購賲賿 卮賽賯賻丕賯賻 亘賻賷賿賳賽賴賽賲賻丕 賮賻丕亘賿毓賻孬購賵丕 丨賻賰賻賲賸丕 賲賽賳賿 兀賻賴賿賱賽賴賽 賵賻丨賻賰賻賲賸丕 賲賽賳賿 兀賻賴賿賱賽賴賻丕 廿賽賳賿 賷購乇賽賷丿賻丕 廿賽氐賿賱賻丕丨賸丕 賷購賵賻賮賾賽賯賽 丕賱賱賾賻賴購 亘賻賷賿賳賻賴購賲賻丕 蹢 廿賽賳賾賻 丕賱賱賾賻賴賻 賰賻丕賳賻 毓賻賱賽賷賲賸丕 禺賻亘賽賷乇賸丕
279	禺胤兀
280	禺胤兀
281	禺胤兀
282	禺胤兀
283	禺胤兀
284	賵賻兀購夭賿賱賽賮賻鬲賽 丕賱賿噩賻賳賾賻丞購 賱賽賱賿賲購鬲賾賻賯賽賷賳賻
285	禺胤兀
286	禺胤兀
287	禺胤兀
288	禺胤兀
289	禺胤兀
290	禺胤兀
291	禺胤兀
292	禺胤兀
293	禺胤兀
294	禺胤兀
295	禺胤兀
296	禺胤兀
297	禺胤兀
298	禺胤兀
299	禺胤兀
300	禺胤兀
301	賵賻丕賱爻賾賻丕亘賽賯購賵賳賻 丕賱爻賾賻丕亘賽賯購賵賳賻
302	禺胤兀
303	禺胤兀
304	禺胤兀
305	禺胤兀
306	禺胤兀
307	禺胤兀
308	禺胤兀
