1	وَالَّذِينَ يَرْمُونَ الْمُحْصَنَاتِ ثُمَّ لَمْ يَأْتُوا بِأَرْبَعَةِ شُهَدَاءَ فَاجْلِدُوهُمْ ثَمَانِينَ جَلْدَةً وَلَا تَقْبَلُوا لَهُمْ شَهَادَةً أَبَدًا ۚ وَأُولَـٰئِكَ هُمُ الْفَاسِقُونَ
2	إِنَّ الَّذِينَ تَوَلَّوْا مِنْكُمْ يَوْمَ الْتَقَى الْجَمْعَانِ إِنَّمَا اسْتَزَلَّهُمُ الشَّيْطَانُ بِبَعْضِ مَا كَسَبُوا ۖ وَلَقَدْ عَفَا اللَّهُ عَنْهُمْ ۗ إِنَّ اللَّهَ غَفُورٌ حَلِيمٌ
3	إِنَّ اللهَ يُحِبُّ الْعَبْدَ التَّقِيَّ الْغَنِيَّ الْخَفِيَّ
4	وَإِذْ قُلْنَا لِلْمَلَائِكَةِ اسْجُدُوا لِآدَمَ فَسَجَدُوا إِلَّا إِبْلِيسَ أَبَىٰ
5	قَالَ إِنِّي أَعْلَمُ مَا لَا تَعْلَمُونَ
6	خطأ
7	خطأ
8	خطأ
9	خطأ
10	خطأ
11	وَلَقَدْ أَرْسَلْنَا مِنْ قَبْلِكَ رُسُلًا إِلَىٰ قَوْمِهِمْ فَجَاءُوهُمْ بِالْبَيِّنَاتِ فَانْتَقَمْنَا مِنَ الَّذِينَ أَجْرَمُوا ۖ وَكَانَ حَقًّا عَلَيْنَا نَصْرُ الْمُؤْمِنِينَ
12	وَلَقَدْ أَرْسَلْنَا مِنْ قَبْلِكَ رُسُلًا إِلَىٰ قَوْمِهِمْ فَجَاءُوهُمْ بِالْبَيِّنَاتِ فَانْتَقَمْنَا مِنَ الَّذِينَ أَجْرَمُوا ۖ وَكَانَ حَقًّا عَلَيْنَا نَصْرُ الْمُؤْمِنِينَ
13	إِذَا كُنْتُمْ ثَلَاثَةً فَلَا يَتَنَاجَى اثْنَانِ دُونَ صَاحِبِهِمَا ، فَإِنَّ ذَلِكَ يُحْزِنُهُ
14	خطأ
15	خطأ
16	وَلَقَدْ خَلَقْنَا الْإِنْسَانَ مِنْ سُلَالَةٍ مِنْ طِينٍ ثُمَّ جَعَلْنَاهُ نُطْفَةً فِي قَرَارٍ مَكِينٍ ثُمَّ خَلَقْنَا النُّطْفَةَ عَلَقَةً فَخَلَقْنَا الْعَلَقَةَ مُضْغَةً فَخَلَقْنَا الْمُضْغَةَ عِظَامًا فَكَسَوْنَا الْعِظَامَ لَحْمًا ثُمَّ أَنْشَأْنَاهُ خَلْقًا آخَرَ ۚ فَتَبَارَكَ اللَّهُ أَحْسَنُ الْخَالِقِينَ
17	لَا يُؤْمِنُ أَحَدُكُمْ حَتَّى يُحِبَّ لِأَخِيهِ مَا يُحِبُّ لِنَفْسِهِ
18	إِنَّ هَذَا الْقُرْآنَ أُنْزِلَ عَلَى سَبْعَةِ أَحْرُفٍ ، فَاقْرَؤُوا مَا تَيَسَّرَ مِنْهُ
19	وَقَالَ مُوسَىٰ إِنِّي عُذْتُ بِرَبِّي وَرَبِّكُمْ مِنْ كُلِّ مُتَكَبِّرٍ لَا يُؤْمِنُ بِيَوْمِ الْحِسَابِ
20	خطأ
21	وَلَقَدْ أَرْسَلْنَا رُسُلًا مِنْ قَبْلِكَ وَجَعَلْنَا لَهُمْ أَزْوَاجًا وَذُرِّيَّةً ۚ وَمَا كَانَ لِرَسُولٍ أَنْ يَأْتِيَ بِآيَةٍ إِلَّا بِإِذْنِ اللَّهِ ۗ لِكُلِّ أَجَلٍ كِتَابٌ
22	خطأ
23	خطأ
24	خطأ
25	۞ يَا أَيُّهَا الَّذِينَ آمَنُوا لَا تَتَّبِعُوا خُطُوَاتِ الشَّيْطَانِ ۚ وَمَنْ يَتَّبِعْ خُطُوَاتِ الشَّيْطَانِ فَإِنَّهُ يَأْمُرُ بِالْفَحْشَاءِ وَالْمُنْكَرِ ۚ وَلَوْلَا فَضْلُ اللَّهِ عَلَيْكُمْ وَرَحْمَتُهُ مَا زَكَىٰ مِنْكُمْ مِنْ أَحَدٍ أَبَدًا وَلَـٰكِنَّ اللَّهَ يُزَكِّي مَنْ يَشَاءُ ۗ وَاللَّهُ سَمِيعٌ عَلِيمٌ
26	لَا يُؤْمِنُ أَحَدُكُمْ حَتَّى أَكُونَ أَحَبَّ إِلَيْهِ مِنْ وَلَدِهِ وَوَالِدِهِ وَالنَّاسِ أَجْمَعِينَ
27	خطأ
28	وَلُوطًا آتَيْنَاهُ حُكْمًا وَعِلْمًا وَنَجَّيْنَاهُ مِنَ الْقَرْيَةِ الَّتِي كَانَتْ تَعْمَلُ الْخَبَائِثَ ۗ إِنَّهُمْ كَانُوا قَوْمَ سَوْءٍ فَاسِقِينَ
29	وَلَقَدْ أَرْسَلْنَا مُوسَىٰ بِآيَاتِنَا أَنْ أَخْرِجْ قَوْمَكَ مِنَ الظُّلُمَاتِ إِلَى النُّورِ وَذَكِّرْهُمْ بِأَيَّامِ اللَّهِ ۚ إِنَّ فِي ذَٰلِكَ لَآيَاتٍ لِكُلِّ صَبَّارٍ شَكُورٍ
30	خطأ
31	يَا أَيُّهَا الَّذِينَ آمَنُوا كُونُوا قَوَّامِينَ لِلَّهِ شُهَدَاءَ بِالْقِسْطِ ۖ وَلَا يَجْرِمَنَّكُمْ شَنَآنُ قَوْمٍ عَلَىٰ أَلَّا تَعْدِلُوا ۚ اعْدِلُوا هُوَ أَقْرَبُ لِلتَّقْوَىٰ ۖ وَاتَّقُوا اللَّهَ ۚ إِنَّ اللَّهَ خَبِيرٌ بِمَا تَعْمَلُونَ
32	خطأ
33	يَا أَيُّهَا الَّذِينَ آمَنُوا أَطِيعُوا اللَّهَ وَأَطِيعُوا الرَّسُولَ وَأُولِي الْأَمْرِ مِنْكُمْ ۖ فَإِنْ تَنَازَعْتُمْ فِي شَيْءٍ فَرُدُّوهُ إِلَى اللَّهِ وَالرَّسُولِ إِنْ كُنْتُمْ تُؤْمِنُونَ بِاللَّهِ وَالْيَوْمِ الْآخِرِ ۚ ذَٰلِكَ خَيْرٌ وَأَحْسَنُ تَأْوِيلًا
34	خطأ
35	وَلَا يَأْتَلِ أُولُو الْفَضْلِ مِنْكُمْ وَالسَّعَةِ أَنْ يُؤْتُوا أُولِي الْقُرْبَىٰ وَالْمَسَاكِينَ وَالْمُهَاجِرِينَ فِي سَبِيلِ اللَّهِ ۖ وَلْيَعْفُوا وَلْيَصْفَحُوا ۗ أَلَا تُحِبُّونَ أَنْ يَغْفِرَ اللَّهُ لَكُمْ ۗ وَاللَّهُ غَفُورٌ رَحِيمٌ
36	خطأ
37	خطأ
38	خطأ
39	خطأ
40	وَمَنْ يَتَّقِ اللَّهَ يَجْعَلْ لَهُ مَخْرَجًا وَيَرْزُقْهُ مِنْ حَيْثُ لَا يَحْتَسِبُ
41	إِنَّ الْحَسَنَاتِ يُذْهِبْنَ السَّيِّئَاتِ
42	خطأ
43	خطأ
44	لَا يُؤْمِنُ أَحَدُكُمْ حَتَّى يُحِبَّ لِأَخِيهِ مَا يُحِبُّ لِنَفْسِهِ
45	خطأ
46	خطأ
47	خطأ
48	خطأ
49	خطأ
50	خطأ
51	خطأ
52	خطأ
53	خطأ
54	خطأ
55	خطأ
56	خطأ
57	خطأ
58	خطأ
59	خطأ
60	خطأ
61	خطأ
62	خطأ
63	خطأ
64	خطأ
65	خطأ
66	خطأ
67	خطأ
68	خطأ
69	خطأ
70	خطأ
71	خطأ
72	خطأ
73	خطأ
74	خطأ
75	خطأ
76	خطأ
77	خطأ
78	خطأ
79	خطأ
80	خطأ
81	خطأ
82	إِنَّ الْمُتَّقِينَ فِي مَقَامٍ أَمِينٍ
83	كُنْتُ مَعَ رَسُولِ اللهِ صَلَّى اللهُ عَلَيْهِ وَسَلَّمَ ، فَجَاءَهُ رَجُلٌ مِنَ الْأَنْصَارِ فَسَلَّمَ عَلَى النَّبِيِّ صَلَّى اللهُ عَلَيْهِ وَسَلَّمَ ، ثُمَّ قَالَ: يَا رَسُولَ اللهِ ، أَيُّ الْمُؤْمِنِينَ أَفْضَلُ؟ قَالَ: أَحْسَنُهُمْ خُلُقًا ، قَالَ: فَأَيُّ الْمُؤْمِنِينَ أَكْيَسُ ؟ قَالَ: أَكْثَرُهُمْ لِلْمَوْتِ ذِكْرًا ، وَأَحْسَنُهُمْ لِمَا بَعْدَهُ اسْتِعْدَادًا ، أُولَئِكَ الْأَكْيَاسُ
84	خطأ
85	خطأ
86	إِنَّ الْمُتَّقِينَ فِي مَقَامٍ أَمِينٍ
87	خطأ
88	خطأ
89	خطأ
90	خطأ
91	خطأ
92	خطأ
93	قُلْ إِنَّمَا أَنَا بَشَرٌ مِثْلُكُمْ يُوحَىٰ إِلَيَّ أَنَّمَا إِلَـٰهُكُمْ إِلَـٰهٌ وَاحِدٌ ۖ فَمَنْ كَانَ يَرْجُو لِقَاءَ رَبِّهِ فَلْيَعْمَلْ عَمَلًا صَالِحًا وَلَا يُشْرِكْ بِعِبَادَةِ رَبِّهِ أَحَدًا
94	خطأ
95	خطأ
96	خطأ
97	وَلَا تَسْتَوِي الْحَسَنَةُ وَلَا السَّيِّئَةُ ۚ ادْفَعْ بِالَّتِي هِيَ أَحْسَنُ فَإِذَا الَّذِي بَيْنَكَ وَبَيْنَهُ عَدَاوَةٌ كَأَنَّهُ وَلِيٌّ حَمِيمٌ
98	أَفْضَلُ الْأَعْمَالِ الْحُبُّ فِي اللهِ وَالْبُغْضُ فِي اللهِ .
99	وَلِيَبْتَلِيَ اللَّهُ مَا فِي صُدُورِكُمْ وَلِيُمَحِّصَ مَا فِي قُلُوبِكُمْ
100	خطأ
101	خطأ
102	وَلَا تُبَذِّرْ تَبْذِيرًا
103	خطأ
104	خطأ
105	قُلْنَا يَا نَارُ كُونِي بَرْدًا وَسَلَامًا عَلَىٰ إِبْرَاهِيمَ
106	وَإِذْ أَخَذَ رَبُّكَ مِنْ بَنِي آدَمَ مِنْ ظُهُورِهِمْ ذُرِّيَّتَهُمْ وَأَشْهَدَهُمْ عَلَىٰ أَنْفُسِهِمْ أَلَسْتُ بِرَبِّكُمْ ۖ قَالُوا بَلَىٰ ۛ شَهِدْنَا ۛ أَنْ تَقُولُوا يَوْمَ الْقِيَامَةِ إِنَّا كُنَّا عَنْ هَـٰذَا غَافِلِينَ
107	خطأ
108	خطأ
109	خطأ
110	خيركم خيركم لأهله ، وأنا خيركم لأهلي .
111	يَا أَيُّهَا الَّذِينَ آمَنُوا لَا تَأْكُلُوا أَمْوَالَكُمْ بَيْنَكُمْ بِالْبَاطِلِ إِلَّا أَنْ تَكُونَ تِجَارَةً عَنْ تَرَاضٍ مِنْكُمْ ۚ وَلَا تَقْتُلُوا أَنْفُسَكُمْ ۚ إِنَّ اللَّهَ كَانَ بِكُمْ رَحِيمًا
112	مَنْ كَظَمَ غَيْظًا وَهُوَ يَقْدِرُ عَلَى أَنْ يُنْفِذَهُ دَعَاهُ اللهُ عَلَى رُؤُوسِ الْخَلَائِقِ يَوْمَ الْقِيَامَةِ حَتَّى يُخَيِّرَهُ فِي أَيِّ الْحُورِ شَاءَ
113	خطأ
114	مَنْ صَلَّى الْغَدَاةَ فِي جَمَاعَةٍ ثُمَّ قَعَدَ يَذْكُرُ اللهَ حَتَّى تَطْلُعَ الشَّمْسُ ثُمَّ صَلَّى رَكْعَتَيْنِ كَانَتْ لَهُ كَأَجْرِ حَجَّةٍ وَعُمْرَةٍ . قَالَ: قَالَ رَسُولُ اللهِ صَلَّى اللهُ عَلَيْهِ وَسَلَّمَ: تَامَّةٍ تَامَّةٍ تَامَّةٍ
115	خطأ
116	مَنْ صَلَّى الْغَدَاةَ فِي جَمَاعَةٍ ثُمَّ قَعَدَ يَذْكُرُ اللهَ حَتَّى تَطْلُعَ الشَّمْسُ ثُمَّ صَلَّى رَكْعَتَيْنِ كَانَتْ لَهُ كَأَجْرِ حَجَّةٍ وَعُمْرَةٍ . قَالَ: قَالَ رَسُولُ اللهِ صَلَّى اللهُ عَلَيْهِ وَسَلَّمَ: تَامَّةٍ تَامَّةٍ تَامَّةٍ
117	خطأ
118	خطأ
119	خطأ
120	خطأ
121	خطأ
122	خطأ
123	خطأ
124	خطأ
125	خطأ
126	خطأ
127	خطأ
128	خطأ
129	إِذَا قَرَأَ ابْنُ آدَمَ السَّجْدَةَ ، فَسَجَدَ اعْتَزَلَ الشَّيْطَانُ يَبْكِي يَقُولُ : يَا وَيْلَهُ - وَفِي رِوَايَةِ أَبِي كُرَيْبٍ : يَا وَيْلِي - أُمِرَ ابْنُ آدَمَ بِالسُّجُودِ ، فَسَجَدَ فَلَهُ الْجَنَّةُ ، وَأُمِرْتُ بِالسُّجُودِ فَأَبَيْتُ فَلِيَ النَّارُ .
130	أُولَـٰئِكَ لَهُمْ جَنَّاتُ عَدْنٍ تَجْرِي مِنْ تَحْتِهِمُ الْأَنْهَارُ يُحَلَّوْنَ فِيهَا مِنْ أَسَاوِرَ مِنْ ذَهَبٍ وَيَلْبَسُونَ ثِيَابًا خُضْرًا مِنْ سُنْدُسٍ وَإِسْتَبْرَقٍ مُتَّكِئِينَ فِيهَا عَلَى الْأَرَائِكِ ۚ نِعْمَ الثَّوَابُ وَحَسُنَتْ مُرْتَفَقًا
131	خطأ
132	وَالسَّابِقُونَ الْأَوَّلُونَ مِنَ الْمُهَاجِرِينَ وَالْأَنْصَارِ وَالَّذِينَ اتَّبَعُوهُمْ بِإِحْسَانٍ رَضِيَ اللَّهُ عَنْهُمْ وَرَضُوا عَنْهُ وَأَعَدَّ لَهُمْ جَنَّاتٍ تَجْرِي تَحْتَهَا الْأَنْهَارُ خَالِدِينَ فِيهَا أَبَدًا ۚ ذَٰلِكَ الْفَوْزُ الْعَظِيمُ
133	وَمِنَ النَّاسِ مَنْ يَتَّخِذُ مِنْ دُونِ اللَّهِ أَنْدَادًا يُحِبُّونَهُمْ كَحُبِّ اللَّهِ ۖ وَالَّذِينَ آمَنُوا أَشَدُّ حُبًّا لِلَّهِ ۗ وَلَوْ يَرَى الَّذِينَ ظَلَمُوا إِذْ يَرَوْنَ الْعَذَابَ أَنَّ الْقُوَّةَ لِلَّهِ جَمِيعًا وَأَنَّ اللَّهَ شَدِيدُ الْعَذَابِ
134	خطأ
135	خطأ
136	خطأ
137	خطأ
138	خطأ
139	خطأ
140	خطأ
141	خطأ
142	خطأ
143	كُلُّ مَوْلُودٍ يُولَدُ عَلَى الْفِطْرَةِ ، فَأَبَوَاهُ يُهَوِّدَانِهِ ، أَوْ يُنَصِّرَانِهِ ، أَوْ يُمَجِّسَانِهِ ، كَمَثَلِ الْبَهِيمَةِ تُنْتَجُ الْبَهِيمَةَ ، هَلْ تَرَى فِيهَا جَدْعَاءَ .
144	وَمَنْ يَتَّقِ اللَّهَ يَجْعَلْ لَهُ مَخْرَجًا وَيَرْزُقْهُ مِنْ حَيْثُ لَا يَحْتَسِبُ
145	إِنَّ الْمُسْلِمِينَ وَالْمُسْلِمَاتِ وَالْمُؤْمِنِينَ وَالْمُؤْمِنَاتِ وَالْقَانِتِينَ وَالْقَانِتَاتِ وَالصَّادِقِينَ وَالصَّادِقَاتِ وَالصَّابِرِينَ وَالصَّابِرَاتِ وَالْخَاشِعِينَ وَالْخَاشِعَاتِ وَالْمُتَصَدِّقِينَ وَالْمُتَصَدِّقَاتِ وَالصَّائِمِينَ وَالصَّائِمَاتِ وَالْحَافِظِينَ فُرُوجَهُمْ وَالْحَافِظَاتِ وَالذَّاكِرِينَ اللَّهَ كَثِيرًا وَالذَّاكِرَاتِ أَعَدَّ اللَّهُ لَهُمْ مَغْفِرَةً وَأَجْرًا عَظِيمًا
146	لَنْ يُفْلِحَ قَوْمٌ وَلَّوْا أَمْرَهُمُ امْرَأَةً
147	الرِّجَالُ قَوَّامُونَ عَلَى النِّسَاءِ بِمَا فَضَّلَ اللَّهُ بَعْضَهُمْ عَلَىٰ بَعْضٍ وَبِمَا أَنْفَقُوا مِنْ أَمْوَالِهِمْ
148	إِنَّمَا النِّسَاءُ شَقَائِقُ الرِّجَالِ
149	الرِّجَالُ قَوَّامُونَ عَلَى النِّسَاءِ بِمَا فَضَّلَ اللَّهُ بَعْضَهُمْ عَلَىٰ بَعْضٍ وَبِمَا أَنْفَقُوا مِنْ أَمْوَالِهِم
150	إِنَّمَا النِّسَاءُ شَقَائِقُ الرِّجَالِ
151	الرِّجَالُ قَوَّامُونَ عَلَى النِّسَاءِ بِمَا فَضَّلَ اللَّهُ بَعْضَهُمْ عَلَىٰ بَعْضٍ وَبِمَا أَنْفَقُوا مِنْ أَمْوَالِهِمْ ۚ فَالصَّالِحَاتُ قَانِتَاتٌ حَافِظَاتٌ لِلْغَيْبِ بِمَا حَفِظَ اللَّهُ ۚ وَاللَّاتِي تَخَافُونَ نُشُوزَهُنَّ فَعِظُوهُنَّ وَاهْجُرُوهُنَّ فِي الْمَضَاجِعِ وَاضْرِبُوهُنَّ ۖ فَإِنْ أَطَعْنَكُمْ فَلَا تَبْغُوا عَلَيْهِنَّ سَبِيلًا ۗ إِنَّ اللَّهَ كَانَ عَلِيًّا كَبِيرًا
152	رَبِّ فَلَا تَجْعَلْنِي فِي الْقَوْمِ الظَّالِمِينَ
153	خطأ
154	خطأ
155	خطأ
156	يَا أَيُّهَا الَّذِينَ آمَنُوا عَلَيْكُمْ أَنْفُسَكُمْ ۖ لَا يَضُرُّكُمْ مَنْ ضَلَّ إِذَا اهْتَدَيْتُمْ ۚ إِلَى اللَّهِ مَرْجِعُكُمْ جَمِيعًا فَيُنَبِّئُكُمْ بِمَا كُنْتُمْ تَعْمَلُونَ
157	خطأ
158	خطأ
159	خطأ
160	وَلَقَدْ أَرْسَلْنَا مُوسَىٰ بِآيَاتِنَا أَنْ أَخْرِجْ قَوْمَكَ مِنَ الظُّلُمَاتِ إِلَى النُّورِ وَذَكِّرْهُمْ بِأَيَّامِ اللَّهِ ۚ إِنَّ فِي ذَٰلِكَ لَآيَاتٍ لِكُلِّ صَبَّارٍ شَكُورٍ
161	خطأ
162	خطأ
163	خطأ
164	خطأ
165	وَلَقَدْ خَلَقْنَا الْإِنْسَانَ وَنَعْلَمُ مَا تُوَسْوِسُ بِهِ نَفْسُهُ ۖ وَنَحْنُ أَقْرَبُ إِلَيْهِ مِنْ حَبْلِ الْوَرِيدِ
166	إِذْ قَالَ رَبُّكَ لِلْمَلَائِكَةِ إِنِّي خَالِقٌ بَشَرًا مِنْ طِينٍ
167	إِذْ قَالَ رَبُّكَ لِلْمَلَائِكَةِ إِنِّي خَالِقٌ بَشَرًا مِنْ طِينٍ
168	وَلَقَدْ خَلَقْنَا الْإِنْسَانَ وَنَعْلَمُ مَا تُوَسْوِسُ بِهِ نَفْسُهُ ۖ وَنَحْنُ أَقْرَبُ إِلَيْهِ مِنْ حَبْلِ الْوَرِيدِ
169	وَلَقَدْ خَلَقْنَا الْإِنْسَانَ وَنَعْلَمُ مَا تُوَسْوِسُ بِهِ نَفْسُهُ ۖ وَنَحْنُ أَقْرَبُ إِلَيْهِ مِنْ حَبْلِ الْوَرِيدِ
170	وَلَقَدْ خَلَقْنَا الْإِنْسَانَ وَنَعْلَمُ مَا تُوَسْوِسُ بِهِ نَفْسُهُ ۖ وَنَحْنُ أَقْرَبُ إِلَيْهِ مِنْ حَبْلِ الْوَرِيدِ
171	وَلَقَدْ خَلَقْنَا الْإِنْسَانَ وَنَعْلَمُ مَا تُوَسْوِسُ بِهِ نَفْسُهُ ۖ وَنَحْنُ أَقْرَبُ إِلَيْهِ مِنْ حَبْلِ الْوَرِيدِ
172	وَلَقَدْ خَلَقْنَا الْإِنْسَانَ وَنَعْلَمُ مَا تُوَسْوِسُ بِهِ نَفْسُهُ ۖ وَنَحْنُ أَقْرَبُ إِلَيْهِ مِنْ حَبْلِ الْوَرِيدِ
173	كلوا واشربوا والبسوا وتصدقوا في غير إسراف ولا مخيلة
174	إِنَّ اللهَ عَزَّ وَجَلَّ يَبْسُطُ يَدَهُ بِاللَّيْلِ لِيَتُوبَ مُسِيءُ النَّهَارِ ، وَيَبْسُطُ يَدَهُ بِالنَّهَارِ لِيَتُوبَ مُسِيءُ اللَّيْلِ حَتَّى تَطْلُعَ الشَّمْسُ مِنْ مَغْرِبِهَا .
175	خطأ
176	خطأ
177	خطأ
178	خطأ
179	خطأ
180	خطأ
181	وَإِنَّ رَبَّكَ لَيَعْلَمُ مَا تُكِنُّ صُدُورُهُمْ وَمَا يُعْلِنُونَ
182	كُلُّ مَوْلُودٍ يُولَدُ عَلَى الْفِطْرَةِ ، فَأَبَوَاهُ يُهَوِّدَانِهِ وَيُنَصِّرَانِهِ ، كَمَا تَنَاتَجُ الْإِبِلُ مِنْ بَهِيمَةٍ جَمْعَاءَ ، هَلْ تُحِسُّ مِنْ جَدْعَاءَ ، قَالُوا : يَا رَسُولَ اللهِ ، أَفَرَأَيْتَ مَنْ يَمُوتُ وَهُوَ صَغِيرٌ ؟ قَالَ : اللهُ أَعْلَمُ بِمَا كَانُوا عَامِلِينَ
183	يَا أَيُّهَا الَّذِينَ آمَنُوا اسْتَعِينُوا بِالصَّبْرِ وَالصَّلَاةِ ۚ إِنَّ اللَّهَ مَعَ الصَّابِرِينَ
184	إِنَّ الَّذِينَ آمَنُوا وَعَمِلُوا الصَّالِحَاتِ وَأَقَامُوا الصَّلَاةَ وَآتَوُا الزَّكَاةَ لَهُمْ أَجْرُهُمْ عِنْدَ رَبِّهِمْ وَلَا خَوْفٌ عَلَيْهِمْ وَلَا هُمْ يَحْزَنُونَ
185	يَا أَيُّهَا الَّذِينَ آمَنُوا ارْكَعُوا وَاسْجُدُوا وَاعْبُدُوا رَبَّكُمْ وَافْعَلُوا الْخَيْرَ لَعَلَّكُمْ تُفْلِحُونَ ۩
186	خطأ
187	يَا أَيُّهَا الَّذِينَ آمَنُوا اتَّقُوا اللَّهَ وَذَرُوا مَا بَقِيَ مِنَ الرِّبَا إِنْ كُنْتُمْ مُؤْمِنِينَ
188	لِلرِّجَالِ نَصِيبٌ مِمَّا تَرَكَ الْوَالِدَانِ وَالْأَقْرَبُونَ وَلِلنِّسَاءِ نَصِيبٌ مِمَّا تَرَكَ الْوَالِدَانِ وَالْأَقْرَبُونَ مِمَّا قَلَّ مِنْهُ أَوْ كَثُرَ ۚ نَصِيبًا مَفْرُوضًا
189	خطأ
190	خطأ
191	خطأ
192	خطأ
193	قُلْ : آمَنْتُ بِاللهِ فَاسْتَقِمْ
194	خطأ
195	وَاللَّهُ خَلَقَكُمْ وَمَا تَعْمَلُونَ
196	خطأ
197	لَا يَغُرَّنَّكَ تَقَلُّبُ الَّذِينَ كَفَرُوا فِي الْبِلَادِ مَتَاعٌ قَلِيلٌ ثُمَّ مَأْوَاهُمْ جَهَنَّمُ ۚ وَبِئْسَ الْمِهَادُ وَلَا يَحْزُنْكَ الَّذِينَ يُسَارِعُونَ فِي الْكُفْرِ ۚ إِنَّهُمْ لَنْ يَضُرُّوا اللَّهَ شَيْئًا ۗ يُرِيدُ اللَّهُ أَلَّا يَجْعَلَ لَهُمْ حَظًّا فِي الْآخِرَةِ ۖ وَلَهُمْ عَذَابٌ عَظِيمٌ
198	خطأ
199	لَا يَغُرَّنَّكَ تَقَلُّبُ الَّذِينَ كَفَرُوا فِي الْبِلَادِ مَتَاعٌ قَلِيلٌ وَلَهُمْ عَذَابٌ أَلِيمٌ وَلَا يَحْزُنْكَ الَّذِينَ يُسَارِعُونَ فِي الْكُفْرِ ۚ إِنَّهُمْ لَنْ يَضُرُّوا اللَّهَ شَيْئًا ۗ يُرِيدُ اللَّهُ أَلَّا يَجْعَلَ لَهُمْ حَظًّا فِي الْآخِرَةِ ۖ وَلَهُمْ عَذَابٌ عَظِيمٌ
200	خطأ
201	وَلَنَبْلُوَنَّكُمْ بِشَيْءٍ مِنَ الْخَوْفِ وَالْجُوعِ وَنَقْصٍ مِنَ الْأَمْوَالِ وَالْأَنْفُسِ وَالثَّمَرَاتِ ۗ وَبَشِّرِ الصَّابِرِينَ
202	قُلْنَا يَا نَارُ كُونِي بَرْدًا وَسَلَامًا عَلَىٰ إِبْرَاهِيمَ
203	۞ وَقَضَىٰ رَبُّكَ أَلَّا تَعْبُدُوا إِلَّا إِيَّاهُ وَبِالْوَالِدَيْنِ إِحْسَانًا ۚ إِمَّا يَبْلُغَنَّ عِنْدَكَ الْكِبَرَ أَحَدُهُمَا أَوْ كِلَاهُمَا فَلَا تَقُلْ لَهُمَا أُفٍّ وَلَا تَنْهَرْهُمَا وَقُلْ لَهُمَا قَوْلًا كَرِيمًا
204	خطأ
205	خطأ
206	خطأ
207	خطأ
208	الَّذِينَ إِذَا ذُكِرَ اللَّهُ وَجِلَتْ قُلُوبُهُمْ وَالصَّابِرِينَ عَلَىٰ مَا أَصَابَهُمْ وَالْمُقِيمِي الصَّلَاةِ وَمِمَّا رَزَقْنَاهُمْ يُنْفِقُونَ
209	خطأ
210	۞ يَا بَنِي آدَمَ خُذُوا زِينَتَكُمْ عِنْدَ كُلِّ مَسْجِدٍ وَكُلُوا وَاشْرَبُوا وَلَا تُسْرِفُوا ۚ إِنَّهُ لَا يُحِبُّ الْمُسْرِفِينَ
211	الْمُؤْمِنُ لِلْمُؤْمِنِ كَالْبُنْيَانِ يَشُدُّ بَعْضُهُ بَعْضًا
212	خطأ
213	خطأ
214	مَفَاتِيحُ الْغَيْبِ خَمْسٌ لَا يَعْلَمُهَا إِلَّا اللهُ
215	خطأ
216	وَقَالَ الَّذِي اشْتَرَاهُ مِنْ مِصْرَ لِامْرَأَتِهِ أَكْرِمِي مَثْوَاهُ عَسَىٰ أَنْ يَنْفَعَنَا أَوْ نَتَّخِذَهُ وَلَدًا ۚ وَكَذَٰلِكَ مَكَّنَّا لِيُوسُفَ فِي الْأَرْضِ وَلِنُعَلِّمَهُ مِنْ تَأْوِيلِ الْأَحَادِيثِ ۚ وَاللَّهُ غَالِبٌ عَلَىٰ أَمْرِهِ وَلَـٰكِنَّ أَكْثَرَ النَّاسِ لَا يَعْلَمُونَ
217	وَلَمَّا جَاءَ مُوسَىٰ لِمِيقَاتِنَا وَكَلَّمَهُ رَبُّهُ قَالَ رَبِّ أَرِنِي أَنْظُرْ إِلَيْكَ ۚ قَالَ لَنْ تَرَانِي وَلَـٰكِنِ انْظُرْ إِلَى الْجَبَلِ فَإِنِ اسْتَقَرَّ مَكَانَهُ فَسَوْفَ تَرَانِي ۚ فَلَمَّا تَجَلَّىٰ رَبُّهُ لِلْجَبَلِ جَعَلَهُ دَكًّا وَخَرَّ مُوسَىٰ صَعِقًا ۚ فَلَمَّا أَفَاقَ قَالَ سُبْحَانَكَ تُبْتُ إِلَيْكَ وَأَنَا أَوَّلُ الْمُؤْمِنِينَ
218	وَقَالَ الَّذِينَ كَفَرُوا لِلَّذِينَ آمَنُوا لَوْ كَانَ خَيْرًا مَا سَبَقُونَا إِلَيْهِ ۚ وَإِذْ لَمْ يَهْتَدُوا بِهِ فَسَيَقُولُونَ هَـٰذَا إِفْكٌ قَدِيمٌ
219	وَإِذْ قَالَ إِبْرَاهِيمُ رَبِّ أَرِنِي كَيْفَ تُحْيِي الْمَوْتَىٰ ۖ قَالَ أَوَلَمْ تُؤْمِنْ ۖ قَالَ بَلَىٰ وَلَـٰكِنْ لِيَطْمَئِنَّ قَلْبِي ۖ قَالَ فَخُذْ أَرْبَعَةً مِنَ الطَّيْرِ فَصُرْهُنَّ إِلَيْكَ ثُمَّ اجْعَلْ عَلَىٰ كُلِّ جَبَلٍ مِنْهُنَّ جُزْءًا ثُمَّ ادْعُهُنَّ يَأْتِينَكَ سَعْيًا ۚ وَاعْلَمْ أَنَّ اللَّهَ عَزِيزٌ حَكِيمٌ
220	مَفَاتِيحُ الْغَيْبِ خَمْسٌ لَا يَعْلَمُهَا إِلَّا اللهُ
221	وَيْلٌ لِكُلِّ هُمَزَةٍ لُمَزَةٍ الَّذِي جَمَعَ مَالًا وَعَدَّدَهُ
222	أَتَدْرُونَ مَا الْغِيبَةُ؟ قَالُوا : اللهُ وَرَسُولُهُ أَعْلَمُ قَالَ : ذِكْرُكَ أَخَاكَ بِمَا يَكْرَهُ قِيلَ : أَفَرَأَيْتَ إِنْ كَانَ فِي أَخِي مَا أَقُولُ؟ قَالَ : إِنْ كَانَ فِيهِ مَا تَقُولُ فَقَدِ اغْتَبْتَهُ ، وَإِنْ لَمْ يَكُنْ فِيهِ فَقَدْ بَهَتَّهُ .
223	خطأ
224	لَقَدْ كَفَرَ الَّذِينَ قَالُوا إِنَّ اللَّهَ هُوَ الْمَسِيحُ ابْنُ مَرْيَمَ ۖ وَقَالَ الْمَسِيحُ يَا بَنِي إِسْرَائِيلَ اعْبُدُوا اللَّهَ رَبِّي وَرَبَّكُمْ ۖ إِنَّهُ مَنْ يُشْرِكْ بِاللَّهِ فَقَدْ حَرَّمَ اللَّهُ عَلَيْهِ الْجَنَّةَ وَمَأْوَاهُ النَّارُ ۖ وَمَا لِلظَّالِمِينَ مِنْ أَنْصَارٍ
225	خطأ
226	خطأ
227	خطأ
228	خطأ
229	اللَّهُمَّ إِنِّي أَعُوذُ بِكَ مِنَ الْكَسَلِ ، وَالْهَرَمِ ، وَالْمَغْرَمِ ، وَالْمَأْثَمِ ، وَأَعُوذُ بِكَ مِنْ شَرِّ الْمَسِيحِ الدَّجَّالِ ، وَأَعُوذُ بِكَ مِنْ عَذَابِ الْقَبْرِ ، وَأَعُوذُ بِكَ مِنْ عَذَابِ النَّارِ
230	الْحَيَاءُ مِنَ الْإِيمَانِ ، وَالْإِيمَانُ فِي الْجَنَّةِ ، وَالْبَذَاءُ مِنَ الْجَفَاءِ ، وَالْجَفَاءُ فِي النَّارِ .
231	وَوَهَبْنَا لَهُ أَهْلَهُ وَمِثْلَهُمْ مَعَهُمْ رَحْمَةً مِنَّا وَذِكْرَىٰ لِأُولِي الْأَلْبَابِ
232	۞ وَأَيُّوبَ إِذْ نَادَىٰ رَبَّهُ أَنِّي مَسَّنِيَ الضُّرُّ وَأَنْتَ أَرْحَمُ الرَّاحِمِينَ
233	وَيَا قَوْمِ اسْتَغْفِرُوا رَبَّكُمْ ثُمَّ تُوبُوا إِلَيْهِ يُرْسِلِ السَّمَاءَ عَلَيْكُمْ مِدْرَارًا وَيَزِدْكُمْ قُوَّةً إِلَىٰ قُوَّتِكُمْ وَلَا تَتَوَلَّوْا مُجْرِمِينَ قَالُوا يَا هُودُ مَا جِئْتَنَا بِبَيِّنَةٍ وَمَا نَحْنُ بِتَارِكِي آلِهَتِنَا عَنْ قَوْلِكَ وَمَا نَحْنُ لَكَ بِمُؤْمِنِينَ إِنْ نَقُولُ إِلَّا اعْتَرَاكَ بَعْضُ آلِهَتِنَا بِسُوءٍ ۗ قَالَ إِنِّي أُشْهِدُ اللَّهَ وَاشْهَدُوا أَنِّي بَرِيءٌ مِمَّا تُشْرِكُونَ مِنْ دُونِهِ ۖ فَكِيدُونِي جَمِيعًا ثُمَّ لَا تُنْظِرُونِ إِنِّي تَوَكَّلْتُ عَلَى اللَّهِ رَبِّي وَرَبِّكُمْ ۚ مَا مِنْ دَابَّةٍ إِلَّا هُوَ آخِذٌ بِنَاصِيَتِهَا ۚ إِنَّ رَبِّي عَلَىٰ صِرَاطٍ مُسْتَقِيمٍ فَإِنْ تَوَلَّوْا فَقَدْ أَبْلَغْتُكُمْ مَا أُرْسِلْتُ بِهِ إِلَيْكُمْ ۚ وَيَسْتَخْلِفُ رَبِّي قَوْمًا غَيْرَكُمْ وَلَا تَضُرُّونَهُ شَيْئًا ۚ إِنَّ رَبِّي عَلَىٰ كُلِّ شَيْءٍ حَفِيظٌ
234	خطأ
235	خطأ
236	خطأ
237	خطأ
238	خطأ
239	خطأ
240	خطأ
241	خطأ
242	خطأ
243	خطأ
244	خطأ
245	خطأ
246	خطأ
247	اجْتَنِبُوا السَّبْعَ الْمُوبِقَاتِ ، قَالُوا: يَا رَسُولَ اللهِ ، وَمَا هُنَّ؟ قَالَ: الشِّرْكُ بِاللهِ ، وَالسِّحْرُ ، وَقَتْلُ النَّفْسِ الَّتِي حَرَّمَ اللهُ إِلَّا بِالْحَقِّ ، وَأَكْلُ الرِّبَا ، وَأَكْلُ مَالِ الْيَتِيمِ ، وَالتَّوَلِّي يَوْمَ الزَّحْفِ ، وَقَذْفُ الْمُحْصَنَاتِ الْمُؤْمِنَاتِ الْغَافِلَاتِ .
248	خطأ
249	خطأ
250	خطأ
251	وَمَنْ يَتَّقِ اللَّهَ يَجْعَلْ لَهُ مَخْرَجًا وَيَرْزُقْهُ مِنْ حَيْثُ لَا يَحْتَسِبُ
252	خطأ
253	خطأ
254	إِنَّمَا الْأَعْمَالُ بِالنِّيَّاتِ ، وَإِنَّمَا لِكُلِّ امْرِئٍ مَا نَوَى ، فَمَنْ كَانَتْ هِجْرَتُهُ إِلَى دُنْيَا يُصِيبُهَا ، أَوْ إِلَى امْرَأَةٍ يَنْكِحُهَا ، فَهِجْرَتُهُ إِلَى مَا هَاجَرَ إِلَيْهِ
255	فَلْيَنْظُرْ أَيُّهَا أَزْكَىٰ طَعَامًا
256	خطأ
257	خطأ
258	خطأ
259	خطأ
260	خطأ
261	الَّذِينَ يَبْخَلُونَ وَيَأْمُرُونَ النَّاسَ بِالْبُخْلِ وَيَكْتُمُونَ مَا آتَاهُمُ اللَّهُ مِنْ فَضْلِهِ ۗ وَأَعْتَدْنَا لِلْكَافِرِينَ عَذَابًا مُهِينًا
262	وَمَنْ يَتَّقِ اللَّهَ يَجْعَلْ لَهُ مَخْرَجًا وَيَرْزُقْهُ مِنْ حَيْثُ لَا يَحْتَسِبُ
263	خطأ
264	إِنْ تَكْفُرُوا فَإِنَّ اللَّهَ غَنِيٌّ عَنْكُمْ ۖ وَلَا يَرْضَىٰ لِعِبَادِهِ الْكُفْرَ ۖ وَإِنْ تَشْكُرُوا يَرْضَهُ لَكُمْ ۗ وَلَا تَزِرُ وَازِرَةٌ وِزْرَ أُخْرَىٰ ۗ ثُمَّ إِلَىٰ رَبِّكُمْ مَرْجِعُكُمْ فَيُنَبِّئُكُمْ بِمَا كُنْتُمْ تَعْمَلُونَ ۚ إِنَّهُ عَلِيمٌ بِذَاتِ الصُّدُورِ
265	خطأ
266	اللَّهُ الَّذِي خَلَقَ سَبْعَ سَمَاوَاتٍ وَمِنَ الْأَرْضِ مِثْلَهُنَّ يَتَنَزَّلُ الْأَمْرُ بَيْنَهُنَّ لِتَعْلَمُوا أَنَّ اللَّهَ عَلَىٰ كُلِّ شَيْءٍ قَدِيرٌ وَأَنَّ اللَّهَ قَدْ أَحَاطَ بِكُلِّ شَيْءٍ عِلْمًا
267	وَإِنْ يَمْسَسْكَ اللَّهُ بِضُرٍّ فَلَا كَاشِفَ لَهُ إِلَّا هُوَ ۖ وَإِنْ يُرِدْكَ بِخَيْرٍ فَلَا رَادَّ لِفَضْلِهِ ۚ يُصِيبُ بِهِ مَنْ يَشَاءُ مِنْ عِبَادِهِ ۚ وَهُوَ الْغَفُورُ الرَّحِيمُ
268	مَثَلُ الْبَخِيلِ وَالْمُتَصَدِّقِ ، كَمَثَلِ رَجُلَيْنِ ، عَلَيْهِمَا جُبَّتَانِ مِنْ حَدِيدٍ
269	مَثَلُ الَّذِينَ يُنْفِقُونَ أَمْوَالَهُمْ فِي سَبِيلِ اللَّهِ كَمَثَلِ حَبَّةٍ أَنْبَتَتْ سَبْعَ سَنَابِلَ فِي كُلِّ سُنْبُلَةٍ مِائَةُ حَبَّةٍ ۗ وَاللَّهُ يُضَاعِفُ لِمَنْ يَشَاءُ ۗ وَاللَّهُ وَاسِعٌ عَلِيمٌ
270	مَثَلُ الَّذِينَ يُنْفِقُونَ أَمْوَالَهُمْ فِي سَبِيلِ اللَّهِ كَمَثَلِ حَبَّةٍ أَنْبَتَتْ سَبْعَ سَنَابِلَ فِي كُلِّ سُنْبُلَةٍ مِائَةُ حَبَّةٍ ۗ وَاللَّهُ يُضَاعِفُ لِمَنْ يَشَاءُ ۗ وَاللَّهُ وَاسِعٌ عَلِيمٌ
271	خطأ
272	خطأ
273	أَبُو بَكْرٍ فِي الْجَنَّةِ ، وَعُمَرُ فِي الْجَنَّةِ ، وَعُثْمَانُ فِي الْجَنَّةِ ، وَعَلِيٌّ فِي الْجَنَّةِ ، وَطَلْحَةُ فِي الْجَنَّةِ ، وَالزُّبَيْرُ فِي الْجَنَّةِ ، وَعَبْدُ الرَّحْمَنِ بْنُ عَوْفٍ فِي الْجَنَّةِ ، وَسَعْدٌ فِي الْجَنَّةِ ، وَسَعِيدٌ فِي الْجَنَّةِ ، وَأَبُو عُبَيْدَةَ بْنُ الْجَرَّاحِ فِي الْجَنَّةِ
274	خَيْرُ النَّاسِ قَرْنِي ، ثُمَّ الَّذِينَ يَلُونَهُمْ ، ثُمَّ الَّذِينَ يَلُونَهُمْ
275	يَا أَيُّهَا النَّاسُ كُلُوا مِمَّا فِي الْأَرْضِ حَلَالًا طَيِّبًا وَلَا تَتَّبِعُوا خُطُوَاتِ الشَّيْطَانِ ۚ إِنَّهُ لَكُمْ عَدُوٌّ مُبِينٌ
276	خطأ
277	وَإِنْ خِفْتُمْ أَلَّا تُقْسِطُوا فِي الْيَتَامَىٰ فَانْكِحُوا مَا طَابَ لَكُمْ مِنَ النِّسَاءِ مَثْنَىٰ وَثُلَاثَ وَرُبَاعَ ۖ فَإِنْ خِفْتُمْ أَلَّا تَعْدِلُوا فَوَاحِدَةً أَوْ مَا مَلَكَتْ أَيْمَانُكُمْ ۚ ذَٰلِكَ أَدْنَىٰ أَلَّا تَعُولُوا
278	وَإِنْ خِفْتُمْ أَلَّا تُقْسِطُوا فِي الْيَتَامَىٰ فَانْكِحُوا مَا طَابَ لَكُمْ مِنَ النِّسَاءِ مَثْنَىٰ وَثُلَاثَ وَرُبَاعَ ۖ فَإِنْ خِفْتُمْ أَلَّا تَعْدِلُوا فَوَاحِدَةً أَوْ مَا مَلَكَتْ أَيْمَانُكُمْ ۚ ذَٰلِكَ أَدْنَىٰ أَلَّا تَعُولُوا
279	لِكُلٍّ جَعَلْنَا مِنْكُمْ شِرْعَةً وَمِنْهَاجًا
280	خطأ
281	وَإِذْ أَخَذَ رَبُّكَ مِنْ بَنِي آدَمَ مِنْ ظُهُورِهِمْ ذُرِّيَّتَهُمْ وَأَشْهَدَهُمْ عَلَىٰ أَنْفُسِهِمْ أَلَسْتُ بِرَبِّكُمْ ۖ قَالُوا بَلَىٰ ۛ شَهِدْنَا ۛ أَنْ تَقُولُوا يَوْمَ الْقِيَامَةِ إِنَّا كُنَّا عَنْ هَـٰذَا غَافِلِينَ
282	خطأ
283	خطأ
284	وَأُزْلِفَتِ الْجَنَّةُ لِلْمُتَّقِينَ (90) وَبُرِّزَتِ الْجَحِيمُ لِلْغَاوِينَ (91) وَقِيلَ لَهُمْ أَيْنَ مَا كُنْتُمْ تَعْبُدُونَ (92) مِنْ دُونِ اللَّهِ هَلْ يَنْصُرُونَكُمْ أَوْ يَنْتَصِرُونَ (93) فَكُبْكِبُوا فِيهَا هُمْ وَالْغَاوُونَ (94) وَجُنُودُ إِبْلِيسَ أَجْمَعُونَ (95) قَالُوا وَهُمْ فِيهَا يَخْتَصِمُونَ (96) تَاللَّهِ إِنْ كُنَّا لَفِي ضَلَالٍ مُبِينٍ (97) إِذْ نُسَوِّيكُمْ بِرَبِّ الْعَالَمِينَ (98) وَمَا أَضَلَّنَا إِلَّا الْمُجْرِمُونَ (99) فَمَا لَنَا مِنْ شَافِعِينَ (100) وَلَا صَدِيقٍ حَمِيمٍ (101) فَلَوْ أَنَّ لَنَا كَرَّةً فَنَكُونَ مِنَ الْمُؤْمِنِينَ (102)
285	خطأ
286	خطأ
287	خطأ
288	خطأ
289	لَا يَلْبَسُ الْحَرِيرَ إِلَّا مَنْ لَيْسَ لَهُ مِنْهُ شَيْءٌ فِي الْآخِرَةِ إِلَّا هَكَذَا .
290	وَالرُّجْزَ فَاهْجُرْ وَلَا تَحْزَنْ عَلَيْهِمْ وَلَا تَكُنْ فِي ضَيْقٍ مِمَّا يَمْكُرُونَ وَالْحَمْدُ لِلَّهِ رَبِّ الْعَالَمِينَ إِنَّ رَبَّكَ هُوَ الْخَلَّاقُ الْعَلِيمُ إِنَّ رَبَّكَ هُوَ يَفْصِلُ بَيْنَهُمْ يَوْمَ الْقِيَامَةِ فِيمَا كَانُوا فِيهِ يَخْتَلِفُونَ أَوَلَمْ يَرَوْا أَنَّا نَأْتِي الْأَرْضَ نَنْقُصُهَا مِنْ أَطْرَافِهَا ۚ وَاللَّهُ يَحْكُمُ لَا مُعَقِّبَ لِحُكْمِهِ ۚ وَهُوَ سَرِيعُ الْحِسَابِ
291	خطأ
292	فَلَا تُزَكُّوا أَنْفُسَكُمْ ۖ هُوَ أَعْلَمُ بِمَنِ اتَّقَىٰ
293	خطأ
294	وَلَا تَزِرُ وَازِرَةٌ وِزْرَ أُخْرَىٰ
295	خطأ
296	خطأ
297	خطأ
298	خطأ
299	أبو بكر في الجنة ، وعمر في الجنة ، وعثمان في الجنة ، وعلي في الجنة ، وطلحة في الجنة ، والزبير في الجنة ، وعبد الرحمن بن عوف في الجنة ، وسعد في الجنة ، وسعيد في الجنة ، وأبو عبيدة بن الجراح في الجنة
300	أَبُو بَكْرٍ فِي الْجَنَّةِ ، وَعُمَرُ فِي الْجَنَّةِ ، وَعُثْمَانُ فِي الْجَنَّةِ ، وَعَلِيٌّ فِي الْجَنَّةِ ، وَطَلْحَةُ فِي الْجَنَّةِ ، وَالزُّبَيْرُ فِي الْجَنَّةِ ، وَعَبْدُ الرَّحْمَنِ بْنُ عَوْفٍ فِي الْجَنَّةِ ، وَسَعْدٌ فِي الْجَنَّةِ ، وَسَعِيدٌ فِي الْجَنَّةِ ، وَأَبُو عُبَيْدَةَ بْنُ الْجَرَّاحِ فِي الْجَنَّةِ
301	وَالسَّابِقُونَ السَّابِقُونَ أُولَـٰئِكَ الْمُقَرَّبُونَ فِي جَنَّاتِ النَّعِيمِ ثُلَّةٌ مِنَ الْأَوَّلِينَ
302	عَلَيْهِنَّ مِنْ جَلَابِيبِهِنَّ
303	خطأ
304	خطأ
305	تَحَمَّلْتُ حَمَالَةً ، فَأَتَيْتُ رَسُولَ اللهِ صَلَّى اللهُ عَلَيْهِ وَسَلَّمَ أَسْأَلُهُ فِيهَا فَقَالَ: أَقِمْ حَتَّى تَأْتِيَنَا الصَّدَقَةُ ، فَنَأْمُرَ لَكَ بِهَا قَالَ: ثُمَّ قَالَ : يَا قَبِيصَةُ إِنَّ الْمَسْأَلَةَ لَا تَحِلُّ إِلَّا لِأَحَدِ ثَلَاثَةٍ : رَجُلٍ تَحَمَّلَ حَمَالَةً فَحَلَّتْ لَهُ الْمَسْأَلَةُ حَتَّى يُصِيبَهَا ، ثُمَّ يُمْسِكُ ، وَرَجُلٌ أَصَابَتْهُ جَائِحَةٌ اجْتَاحَتْ مَالَهُ ، فَحَلَّتْ لَهُ الْمَسْأَلَةُ ، حَتَّى يُصِيبَ قِوَامًا مِنْ عَيْشٍ ، - أَوْ قَالَ: سِدَادًا مِنْ عَيْشٍ - وَرَجُلٌ أَصَابَتْهُ فَاقَةٌ حَتَّى يَقُومَ ثَلَاثَةٌ مِنْ ذَوِي الْحِجَا مِنْ قَوْمِهِ لَقَدْ أَصَابَتْ فُلَانًا فَاقَةٌ ، فَحَلَّتْ لَهُ الْمَسْأَلَةُ حَتَّى يُصِيبَ قِوَامًا مِنْ عَيْشٍ - أَوْ قَالَ: سِدَادًا مِنْ عَيْشٍ - فَمَا سِوَاهُنَّ مِنَ الْمَسْأَلَةِ يَا قَبِيصَةُ سُحْتًا يَأْكُلُهَا صَاحِبُهَا سُحْتًا
306	خطأ
307	قلت للنبي صلى الله عليه وسلم وأنا في الغار: لو أن أحدهم نظر تحت قدميه لأبصرنا ، فقال: ما ظنك يا أبا بكر باثنين الله ثالثهما .
308	مَنْ سَرَّهُ أَنْ يَسْتَجِيبَ اللهُ لَهُ عِنْدَ الشَّدَائِدِ وَالْكُرَبِ ، فَلْيُكْثِرِ الدُّعَاءَ فِي الرَّخَاءِ
