1	禺胤兀
2	廿賽賳賾賻 丕賱賾賻匕賽賷賳賻 鬲賻賵賻賱賾賻賵賿丕 賲賽賳賿賰購賲賿 賷賻賵賿賲賻 丕賱賿鬲賻賯賻賶 丕賱賿噩賻賲賿毓賻丕賳賽 廿賽賳賾賻賲賻丕 丕爻賿鬲賻夭賻賱賾賻賴購賲購 丕賱卮賾賻賷賿胤賻丕賳購 亘賽亘賻毓賿囟賽 賲賻丕 賰賻爻賻亘購賵丕 蹡 賵賻賱賻賯賻丿賿 毓賻賮賻丕 丕賱賱賾賻賴購 毓賻賳賿賴購賲賿 蹢 廿賽賳賾賻 丕賱賱賾賻賴賻 睾賻賮購賵乇賹 丨賻賱賽賷賲賹
3	廿賽賳賾賻 丕賱賱賴賻 賷購丨賽亘賾購 丕賱賿毓賻亘賿丿賻 丕賱鬲賾賻賯賽賷賾賻 丕賱賿睾賻賳賽賷賾賻 丕賱賿禺賻賮賽賷賾賻 .
4	賵賻廿賽匕賿 賯購賱賿賳賻丕 賱賽賱賿賲賻賱賻丕卅賽賰賻丞賽 丕爻賿噩購丿購賵丕 賱賽丌丿賻賲賻 賮賻爻賻噩賻丿購賵丕 廿賽賱賾賻丕 廿賽亘賿賱賽賷爻賻 兀賻亘賻賶侔
5	禺胤兀
6	禺胤兀
8	禺胤兀
9	禺胤兀
10	禺胤兀
11	禺胤兀
12	賵賻賱賻賯賻丿賿 賰購匕賾賽亘賻鬲賿 乇購爻購賱賹 賲賽賳賿 賯賻亘賿賱賽賰賻 賮賻氐賻亘賻乇購賵丕 毓賻賱賻賶侔 賲賻丕 賰購匕賾賽亘購賵丕 賵賻兀購賵匕購賵丕 丨賻鬲賾賻賶侔 兀賻鬲賻丕賴購賲賿 賳賻氐賿乇購賳賻丕 蹥 賵賻賱賻丕 賲購亘賻丿賾賽賱賻 賱賽賰賻賱賽賲賻丕鬲賽 丕賱賱賾賻賴賽 蹥 賵賻賱賻賯賻丿賿 噩賻丕亍賻賰賻 賲賽賳賿 賳賻亘賻廿賽 丕賱賿賲購乇賿爻賻賱賽賷賳賻
13	禺胤兀
14	禺胤兀
15	禺胤兀
16	賵賻賱賻賯賻丿賿 禺賻賱賻賯賿賳賻丕 丕賱賿廿賽賳爻賻丕賳賻 賲賽賳賿 爻購賱賻丕賱賻丞賺 賲賽賳賿 胤賽賷賳賺 孬購賲賾賻 噩賻毓賻賱賿賳賻丕賴購 賳購胤賿賮賻丞賸 賮賽賷 賯賻乇賻丕乇賺 賲賻賰賽賷賳賺 孬購賲賾賻 禺賻賱賻賯賿賳賻丕 丕賱賳賾購胤賿賮賻丞賻 毓賻賱賻賯賻丞賸 賮賻禺賻賱賻賯賿賳賻丕 丕賱賿毓賻賱賻賯賻丞賻 賲購囟賿睾賻丞賸 賮賻禺賻賱賻賯賿賳賻丕 丕賱賿賲購囟賿睾賻丞賻 毓賽馗賻丕賲賸丕 賮賻賰賻爻賻賵賿賳賻丕 丕賱賿毓賽馗賻丕賲賻 賱賻丨賿賲賸丕 孬購賲賾賻 兀賻賳賿卮賻兀賿賳賻丕賴購 禺賻賱賿賯賸丕 丌禺賻乇賻 蹥 賮賻鬲賻亘賻丕乇賻賰賻 丕賱賱賾賻賴購 兀賻丨賿爻賻賳購 丕賱賿禺賻丕賱賽賯賽賷賳賻
17	賱賻丕 賷購丐賿賲賽賳購 兀賻丨賻丿購賰購賲賿 丨賻鬲賾賻賶 賷購丨賽亘賾賻 賱賽兀賻禺賽賷賴賽 賲賻丕 賷購丨賽亘賾購 賱賽賳賻賮賿爻賽賴賽
18	廿賽賳賾賻 丕賱賿賯購乇賿丌賳賻 兀購賳賿夭賽賱賻 毓賻賱賻賶 爻賻亘賿毓賻丞賽 兀賻丨賿乇購賮賺 貙 賮賻丕賯賿乇賻丐購賵丕 賲賽賳賿賴購 賲賻丕 鬲賻賷賻爻賾賻乇賻 .
19	賵賻賯賻丕賱賻 賲購賵爻賻賶侔 廿賽賳賾賽賷 毓購匕賿鬲購 亘賽乇賻亘賾賽賷 賵賻乇賻亘賾賽賰購賲賿 賲賽賳賿 賰購賱賾賽 賲購鬲賻賰賻亘賾賽乇賺 賱賻丕 賷購丐賿賲賽賳購 亘賽賷賻賵賿賲賽 丕賱賿丨賽爻賻丕亘賽
20	禺胤兀
21	禺胤兀
22	禺胤兀
23	禺胤兀
24	禺胤兀
25	禺胤兀
26	賱賻丕 賷購丐賿賲賽賳購 兀賻丨賻丿購賰購賲賿 丨賻鬲賾賻賶 兀賻賰購賵賳賻 兀賻丨賻亘賾賻 廿賽賱賻賷賿賴賽 賲賽賳賿 賵賻賱賻丿賽賴賽 賵賻賵賻丕賱賽丿賽賴賽 賵賻丕賱賳賾賻丕爻賽 兀賻噩賿賲賻毓賽賷賳賻
27	禺胤兀
28	賵賻賱購賵胤賸丕 丌鬲賻賷賿賳賻丕賴購 丨購賰賿賲賸丕 賵賻毓賽賱賿賲賸丕 賵賻賳賻噩賾賻賷賿賳賻丕賴購 賲賽賳賻 丕賱賿賯賻乇賿賷賻丞賽 丕賱賾賻鬲賽賷 賰賻丕賳賻鬲賿 鬲賻毓賿賲賻賱購 丕賱賿禺賻亘賻丕卅賽孬賻 蹢 廿賽賳賾賻賴購賲賿 賰賻丕賳購賵丕 賯賻賵賿賲賻 爻賻賵賿亍賺 賮賻丕爻賽賯賽賷賳賻
29	賵賻賱賻賯賻丿賿 兀賻乇賿爻賻賱賿賳賻丕 賲購賵爻賻賶侔 亘賽丌賷賻丕鬲賽賳賻丕 兀賻賳賿 兀賻禺賿乇賽噩賿 賯賻賵賿賲賻賰賻 賲賽賳賻 丕賱馗賾購賱購賲賻丕鬲賽 廿賽賱賻賶 丕賱賳賾購賵乇賽 賵賻匕賻賰賾賽乇賿賴購賲賿 亘賽兀賻賷賾賻丕賲賽 丕賱賱賾賻賴賽 蹥 廿賽賳賾賻 賮賽賷 匕賻侔賱賽賰賻 賱賻丌賷賻丕鬲賺 賱賽賰購賱賾賽 氐賻亘賾賻丕乇賺 卮賻賰購賵乇賺
30	禺胤兀
31	禺胤兀
32	禺胤兀
33	賷賻丕 兀賻賷賾購賴賻丕 丕賱賾賻匕賽賷賳賻 丌賲賻賳購賵丕 兀賻胤賽賷毓購賵丕 丕賱賱賾賻賴賻 賵賻兀賻胤賽賷毓購賵丕 丕賱乇賾賻爻購賵賱賻 賵賻兀購賵賱賽賷 丕賱賿兀賻賲賿乇賽 賲賽賳賿賰購賲賿 蹡 賮賻廿賽賳賿 鬲賻賳賻丕夭賻毓賿鬲購賲賿 賮賽賷 卮賻賷賿亍賺 賮賻乇購丿賾購賵賴購 廿賽賱賻賶 丕賱賱賾賻賴賽 賵賻丕賱乇賾賻爻購賵賱賽 廿賽賳賿 賰購賳賿鬲購賲賿 鬲購丐賿賲賽賳購賵賳賻 亘賽丕賱賱賾賻賴賽 賵賻丕賱賿賷賻賵賿賲賽 丕賱賿丌禺賽乇賽 蹥 匕賻侔賱賽賰賻 禺賻賷賿乇賹 賵賻兀賻丨賿爻賻賳購 鬲賻兀賿賵賽賷賱賸丕
34	禺胤兀
35	禺胤兀
36	禺胤兀
37	禺胤兀
38	禺胤兀
39	禺胤兀
40	賵賻賲賻賳賿 賷賻鬲賾賻賯賽 丕賱賱賾賻賴賻 賷賻噩賿毓賻賱賿 賱賻賴購 賲賻禺賿乇賻噩賸丕 賵賻賷賻乇賿夭購賯賿賴購 賲賽賳賿 丨賻賷賿孬購 賱賻丕 賷賻丨賿鬲賻爻賽亘購
41	禺胤兀
42	禺胤兀
43	禺胤兀
44	賱賻丕 賷購丐賿賲賽賳購 兀賻丨賻丿購賰購賲賿 丨賻鬲賾賻賶 賷購丨賽亘賾賻 賱賽兀賻禺賽賷賴賽 賲賻丕 賷購丨賽亘賾購 賱賽賳賻賮賿爻賽賴賽
45	禺胤兀
46	禺胤兀
47	禺胤兀
48	禺胤兀
49	禺胤兀
50	禺胤兀
51	禺胤兀
52	禺胤兀
53	禺胤兀
55	禺胤兀
56	禺胤兀
57	禺胤兀
58	禺胤兀
59	禺胤兀
60	禺胤兀
61	禺胤兀
62	禺胤兀
63	禺胤兀
64	禺胤兀
65	禺胤兀
66	禺胤兀
67	禺胤兀
68	禺胤兀
69	禺胤兀
70	禺胤兀
71	禺胤兀
72	禺胤兀
73	禺胤兀
74	禺胤兀
75	禺胤兀
76	禺胤兀
77	禺胤兀
78	禺胤兀
79	禺胤兀
80	禺胤兀
81	禺胤兀
82	廿賽賳賾賻 丕賱賿賲購鬲賾賻賯賽賷賳賻 賮賽賷 賲賻賯賻丕賲賺 兀賻賲賽賷賳賺
83	禺胤兀
84	禺胤兀
85	禺胤兀
86	廿賽賳賾賻 丕賱賿賲購鬲賾賻賯賽賷賳賻 賮賽賷 賲賻賯賻丕賲賺 兀賻賲賽賷賳賺
87	禺胤兀
88	禺胤兀
89	禺胤兀
90	禺胤兀
91	禺胤兀
92	禺胤兀
93	禺胤兀
94	禺胤兀
95	禺胤兀
96	禺胤兀
97	賵賻賱賻丕 鬲賻爻賿鬲賻賵賽賷 丕賱賿丨賻爻賻賳賻丞購 賵賻賱賻丕 丕賱爻賾賻賷賾賽卅賻丞購 蹥 丕丿賿賮賻毓賿 亘賽丕賱賾賻鬲賽賷 賴賽賷賻 兀賻丨賿爻賻賳購 賮賻廿賽匕賻丕 丕賱賾賻匕賽賷 亘賻賷賿賳賻賰賻 賵賻亘賻賷賿賳賻賴購 毓賻丿賻丕賵賻丞賹 賰賻兀賻賳賾賻賴購 賵賻賱賽賷賾賹 丨賻賲賽賷賲賹
98	兀賻賮賿囟賻賱購 丕賱賿兀賻毓賿賲賻丕賱賽 丕賱賿丨購亘賾購 賮賽賷 丕賱賱賴賽 賵賻丕賱賿亘購睾賿囟購 賮賽賷 丕賱賱賴賽 .
99	禺胤兀
100	禺胤兀
101	禺胤兀
102	賵賻丌鬲賽 匕賻丕 丕賱賿賯購乇賿亘賻賶侔 丨賻賯賾賻賴購 賵賻丕賱賿賲賽爻賿賰賽賷賳賻 賵賻丕亘賿賳賻 丕賱爻賾賻亘賽賷賱賽 賵賻賱賻丕 鬲購亘賻匕賾賽乇賿 鬲賻亘賿匕賽賷乇賸丕
103	禺胤兀
105	禺胤兀
106	禺胤兀
107	賯購賱賿賳賻丕 賷賻丕 賳賻丕乇購 賰購賵賳賽賷 亘賻乇賿丿賸丕 賵賻爻賻賱賻丕賲賸丕 毓賻賱賻賶侔 廿賽亘賿乇賻丕賴賽賷賲賻
108	禺胤兀
109	丨購亘賾賽亘賻 廿賽賱賻賷賾賻 賲賽賳賻 丕賱丿賾購賳賿賷賻丕 丕賱賳賾賽爻賻丕亍購 賵賻丕賱胤賾賽賷亘購 貙 賵賻噩購毓賽賱賻 賯購乇賾賻丞購 毓賻賷賿賳賽賷 賮賽賷 丕賱氐賾賻賱賻丕丞賽 .
110	禺賻賷賿乇購賰購賲賿 禺賻賷賿乇購賰購賲賿 賱賽兀賻賴賿賱賽賴賽 貙 賵賻兀賻賳賻丕 禺賻賷賿乇購賰購賲賿 賱賽兀賻賴賿賱賽賷 .
111	賷賻丕 兀賻賷賾購賴賻丕 丕賱賾賻匕賽賷賳賻 丌賲賻賳購賵丕 賱賻丕 鬲賻兀賿賰購賱購賵丕 兀賻賲賿賵賻丕賱賻賰購賲賿 亘賻賷賿賳賻賰購賲賿 亘賽丕賱賿亘賻丕胤賽賱賽 廿賽賱賾賻丕 兀賻賳賿 鬲賻賰購賵賳賻 鬲賽噩賻丕乇賻丞賸 毓賻賳賿 鬲賻乇賻丕囟賺 賲賽賳賿賰購賲賿 蹥 賵賻賱賻丕 鬲賻賯賿鬲購賱購賵丕 兀賻賳賿賮購爻賻賰購賲賿 蹥 廿賽賳賾賻 丕賱賱賾賻賴賻 賰賻丕賳賻 亘賽賰購賲賿 乇賻丨賽賷賲賸丕
112	賲賻賳賿 賰賻馗賻賲賻 睾賻賷賿馗賸丕 賵賻賴購賵賻 賯賻丕丿賽乇賹 毓賻賱賻賶 兀賻賳賿 賷購賳賿賮賽匕賻賴購 貙 丿賻毓賻丕賴購 丕賱賱賴購 毓賻賱賻賶 乇購丐購賵爻賽 丕賱賿禺賻賱賻丕卅賽賯賽 賷賻賵賿賲賻 丕賱賿賯賽賷賻丕賲賻丞賽 丨賻鬲賾賻賶 賷購禺賻賷賾賽乇賻賴購 賮賽賷 兀賻賷賾賽 丕賱賿丨購賵乇賽 卮賻丕亍賻 .
113	禺胤兀
114	禺胤兀
115	禺胤兀
116	禺胤兀
117	禺胤兀
118	禺胤兀
120	禺胤兀
121	禺胤兀
122	禺胤兀
123	禺胤兀
124	禺胤兀
125	禺胤兀
126	禺胤兀
127	禺胤兀
128	禺胤兀
129	禺胤兀
130	兀購賵賱賻賭侔卅賽賰賻 賱賻賴購賲賿 噩賻賳賾賻丕鬲購 毓賻丿賿賳賺 鬲賻噩賿乇賽賷 賲賽賳賿 鬲賻丨賿鬲賽賴賽賲購 丕賱賿兀賻賳賿賴賻丕乇購 賷購丨賻賱賾賻賵賿賳賻 賮賽賷賴賻丕 賲賽賳賿 兀賻爻賻丕賵賽乇賻 賲賽賳賿 匕賻賴賻亘賺 賵賻賷賻賱賿亘賻爻購賵賳賻 孬賽賷賻丕亘賸丕 禺購囟賿乇賸丕 賲賽賳賿 爻購賳賿丿購爻賺 賵賻廿賽爻賿鬲賻亘賿乇賻賯賺 賲購鬲賾賻賰賽卅賽賷賳賻 賮賽賷賴賻丕 毓賻賱賻賶 丕賱賿兀賻乇賻丕卅賽賰賽 蹥 賳賽毓賿賲賻 丕賱孬賾賻賵賻丕亘購 賵賻丨賻爻購賳賻鬲賿 賲購乇賿鬲賻賮賻賯賸丕
131	禺胤兀
132	禺胤兀
133	賵賻賲賽賳賻 丕賱賳賾賻丕爻賽 賲賻賳賿 賷賻鬲賾賻禺賽匕購 賲賽賳賿 丿購賵賳賽 丕賱賱賾賻賴賽 兀賻賳賿丿賻丕丿賸丕 賷購丨賽亘賾購賵賳賻賴購賲賿 賰賻丨購亘賾賽 丕賱賱賾賻賴賽 蹡 賵賻丕賱賾賻匕賽賷賳賻 丌賲賻賳購賵丕 兀賻卮賻丿賾購 丨購亘賾賸丕 賱賾賽賱賾賻賴賽 蹢 賵賻賱賻賵賿 賷賻乇賻賶 丕賱賾賻匕賽賷賳賻 馗賻賱賻賲購賵丕 廿賽匕賿 賷賻乇賻賵賿賳賻 丕賱賿毓賻匕賻丕亘賻 兀賻賳賾賻 丕賱賿賯購賵賾賻丞賻 賱賽賱賾賻賴賽 噩賻賲賽賷毓賸丕 賵賻兀賻賳賾賻 丕賱賱賾賻賴賻 卮賻丿賽賷丿購 丕賱賿毓賻匕賻丕亘賽
134	禺胤兀
135	禺胤兀
136	賯賻丿賿 禺賻爻賽乇賻 丕賱賾賻匕賽賷賳賻 賯賻鬲賻賱購賵丕 兀賻賵賿賱賻丕丿賻賴購賲賿 爻賻賮賻賴賸丕 亘賽睾賻賷賿乇賽 毓賽賱賿賲賺 賵賻丨賻乇賾賻賲購賵丕 賲賻丕 乇賻夭賻賯賻賴購賲購 丕賱賱賾賻賴購 丕賮賿鬲賽乇賻丕亍賸 毓賻賱賻賶 丕賱賱賾賻賴賽 蹥 賯賻丿賿 囟賻賱賾購賵丕 賵賻賲賻丕 賰賻丕賳購賵丕 賲購賴賿鬲賻丿賽賷賳賻
137	禺胤兀
138	禺胤兀
139	禺胤兀
140	禺胤兀
141	禺胤兀
142	禺胤兀
143	賰購賱賾購 賲賻賵賿賱購賵丿賺 賷購賵賱賻丿購 毓賻賱賻賶 丕賱賿賮賽胤賿乇賻丞賽 貙 賮賻兀賻亘賻賵賻丕賴購 賷購賴賻賵賾賽丿賻丕賳賽賴賽 貙 兀賻賵賿 賷購賳賻氐賾賽乇賻丕賳賽賴賽 貙 兀賻賵賿 賷購賲賻噩賾賽爻賻丕賳賽賴賽 貙 賰賻賲賻孬賻賱賽 丕賱賿亘賻賴賽賷賲賻丞賽 鬲購賳賿鬲賻噩購 丕賱賿亘賻賴賽賷賲賻丞賻 貙 賴賻賱賿 鬲賻乇賻賶 賮賽賷賴賻丕 噩賻丿賿毓賻丕亍賻 .
144	賮賻廿賽匕賻丕 亘賻賱賻睾賿賳賻 兀賻噩賻賱賻賴購賳賾賻 賮賻兀賻賲賿爻賽賰購賵賴購賳賾賻 亘賽賲賻毓賿乇購賵賮賺 兀賻賵賿 賮賻丕乇賽賯購賵賴購賳賾賻 亘賽賲賻毓賿乇購賵賮賺 賵賻兀賻卮賿賴賽丿購賵丕 匕賻賵賻賷賿 毓賻丿賿賱賺 賲賽賳賿賰購賲賿 賵賻兀賻賯賽賷賲購賵丕 丕賱卮賾賻賴賻丕丿賻丞賻 賱賽賱賾賻賴賽 蹥 匕賻侔賱賽賰購賲賿 賷購賵毓賻馗購 亘賽賴賽 賲賻賳賿 賰賻丕賳賻 賷購丐賿賲賽賳購 亘賽丕賱賱賾賻賴賽 賵賻丕賱賿賷賻賵賿賲賽 丕賱賿丌禺賽乇賽 蹥 賵賻賲賻賳賿 賷賻鬲賾賻賯賽 丕賱賱賾賻賴賻 賷賻噩賿毓賻賱賿 賱賻賴購 賲賻禺賿乇賻噩賸丕 賵賻賷賻乇賿夭購賯賿賴購 賲賽賳賿 丨賻賷賿孬購 賱賻丕 賷賻丨賿鬲賻爻賽亘購 蹥 賵賻賲賻賳賿 賷賻鬲賻賵賻賰賾賻賱賿 毓賻賱賻賶 丕賱賱賾賻賴賽 賮賻賴購賵賻 丨賻爻賿亘購賴購 蹥 廿賽賳賾賻 丕賱賱賾賻賴賻 亘賻丕賱賽睾購 兀賻賲賿乇賽賴賽 蹥 賯賻丿賿 噩賻毓賻賱賻 丕賱賱賾賻賴購 賱賽賰購賱賾賽 卮賻賷賿亍賺 賯賻丿賿乇賸丕
145	廿賽賳賾賻 丕賱賿賲購爻賿賱賽賲賽賷賳賻 賵賻丕賱賿賲購爻賿賱賽賲賻丕鬲賽 賵賻丕賱賿賲購丐賿賲賽賳賽賷賳賻 賵賻丕賱賿賲購丐賿賲賽賳賻丕鬲賽 賵賻丕賱賿賯賻丕賳賽鬲賽賷賳賻 賵賻丕賱賿賯賻丕賳賽鬲賻丕鬲賽 賵賻丕賱氐賾賻丕丿賽賯賽賷賳賻 賵賻丕賱氐賾賻丕丿賽賯賻丕鬲賽 賵賻丕賱氐賾賻丕亘賽乇賽賷賳賻 賵賻丕賱氐賾賻丕亘賽乇賻丕鬲賽 賵賻丕賱賿禺賻丕卮賽毓賽賷賳賻 賵賻丕賱賿禺賻丕卮賽毓賻丕鬲賽 賵賻丕賱賿賲購鬲賻氐賻丿賾賽賯賽賷賳賻 賵賻丕賱賿賲購鬲賻氐賻丿賾賽賯賻丕鬲賽 賵賻丕賱氐賾賻丕卅賽賲賽賷賳賻 賵賻丕賱氐賾賻丕卅賽賲賻丕鬲賽 賵賻丕賱賿丨賻丕賮賽馗賽賷賳賻 賮購乇購賵噩賻賴購賲賿 賵賻丕賱賿丨賻丕賮賽馗賻丕鬲賽 賵賻丕賱匕賾賻丕賰賽乇賽賷賳賻 丕賱賱賾賻賴賻 賰賻孬賽賷乇賸丕 賵賻丕賱匕賾賻丕賰賽乇賻丕鬲賽 兀賻毓賻丿賾賻 丕賱賱賾賻賴購 賱賻賴購賲賿 賲賻睾賿賮賽乇賻丞賸 賵賻兀賻噩賿乇賸丕 毓賻馗賽賷賲賸丕
146	賱賻賯賻丿賿 賳賻賮賻毓賻賳賽賷 丕賱賱賴購 亘賽賰賻賱賽賲賻丞賺 兀賻賷賾賻丕賲賻 丕賱賿噩賻賲賻賱賽 貙 賱賻賲賾賻丕 亘賻賱賻睾賻 丕賱賳賾賻亘賽賷賾賻 氐賻賱賾賻賶 丕賱賱賴購 毓賻賱賻賷賿賴賽 賵賻爻賻賱賾賻賲賻 兀賻賳賾賻 賮賻丕乇賽爻賸丕 賲賻賱賾賻賰購賵丕 丕亘賿賳賻丞賻 賰賽爻賿乇賻賶 賯賻丕賱賻: 賱賻賳賿 賷購賮賿賱賽丨賻 賯賻賵賿賲賹 賵賻賱賾賻賵賿丕 兀賻賲賿乇賻賴購賲賿 丕賲賿乇賻兀賻丞賸 .
147	丕賱乇賾賽噩賻丕賱購 賯賻賵賾賻丕賲購賵賳賻 毓賻賱賻賶 丕賱賳賾賽爻賻丕亍賽 亘賽賲賻丕 賮賻囟賾賻賱賻 丕賱賱賾賻賴購 亘賻毓賿囟賻賴購賲賿 毓賻賱賻賶侔 亘賻毓賿囟賺 賵賻亘賽賲賻丕 兀賻賳賿賮賻賯購賵丕 賲賽賳賿 兀賻賲賿賵賻丕賱賽賴賽賲賿 蹥 賮賻丕賱氐賾賻丕賱賽丨賻丕鬲購 賯賻丕賳賽鬲賻丕鬲賹 丨賻丕賮賽馗賻丕鬲賹 賱賽賱賿睾賻賷賿亘賽 亘賽賲賻丕 丨賻賮賽馗賻 丕賱賱賾賻賴購 蹥 賵賻丕賱賱賾賻丕鬲賽賷 鬲賻禺賻丕賮購賵賳賻 賳購卮購賵夭賻賴購賳賾賻 賮賻毓賽馗購賵賴購賳賾賻 賵賻丕賴賿噩購乇購賵賴購賳賾賻 賮賽賷 丕賱賿賲賻囟賻丕噩賽毓賽 賵賻丕囟賿乇賽亘購賵賴購賳賾賻 蹡 賮賻廿賽賳賿 兀賻胤賻毓賿賳賻賰購賲賿 賮賻賱賻丕 鬲賻亘賿睾購賵丕 毓賻賱賻賷賿賴賽賳賾賻 爻賻亘賽賷賱賸丕 蹢 廿賽賳賾賻 丕賱賱賾賻賴賻 賰賻丕賳賻 毓賻賱賽賷賾賸丕 賰賻亘賽賷乇賸丕
148	廿賽賳賾賻賲賻丕 丕賱賳賾賽爻賻丕亍購 卮賻賯賻丕卅賽賯購 丕賱乇賾賽噩賻丕賱賽 .
149	丕賱乇賾賽噩賻丕賱購 賯賻賵賾賻丕賲購賵賳賻 毓賻賱賻賶 丕賱賳賾賽爻賻丕亍賽 亘賽賲賻丕 賮賻囟賾賻賱賻 丕賱賱賾賻賴購 亘賻毓賿囟賻賴購賲賿 毓賻賱賻賶侔 亘賻毓賿囟賺 賵賻亘賽賲賻丕 兀賻賳賿賮賻賯購賵丕 賲賽賳賿 兀賻賲賿賵賻丕賱賽賴賽賲賿 蹥 賮賻丕賱氐賾賻丕賱賽丨賻丕鬲購 賯賻丕賳賽鬲賻丕鬲賹 丨賻丕賮賽馗賻丕鬲賹 賱賽賱賿睾賻賷賿亘賽 亘賽賲賻丕 丨賻賮賽馗賻 丕賱賱賾賻賴購 蹥 賵賻丕賱賱賾賻丕鬲賽賷 鬲賻禺賻丕賮購賵賳賻 賳購卮購賵夭賻賴購賳賾賻 賮賻毓賽馗購賵賴購賳賾賻 賵賻丕賴賿噩購乇購賵賴購賳賾賻 賮賽賷 丕賱賿賲賻囟賻丕噩賽毓賽 賵賻丕囟賿乇賽亘購賵賴購賳賾賻 蹡 賮賻廿賽賳賿 兀賻胤賻毓賿賳賻賰購賲賿 賮賻賱賻丕 鬲賻亘賿睾購賵丕 毓賻賱賻賷賿賴賽賳賾賻 爻賻亘賽賷賱賸丕 蹢 廿賽賳賾賻 丕賱賱賾賻賴賻 賰賻丕賳賻 毓賻賱賽賷賾賸丕 賰賻亘賽賷乇賸丕
150	爻購卅賽賱賻 丕賱賳賾賻亘賽賷賾購 氐賻賱賾賻賶 丕賱賱賴購 毓賻賱賻賷賿賴賽 賵賻爻賻賱賾賻賲賻 毓賻賳賽 丕賱乇賾賻噩購賱賽 賷賻噩賽丿購 丕賱賿亘賻賱賻賱賻 賵賻賱賻丕 賷賻匕賿賰購乇購 丕丨賿鬲賽賱賻丕賲賸丕 貙 賯賻丕賱賻 : 賷賻睾賿鬲賻爻賽賱購 貙 賵賻毓賻賳賽 丕賱乇賾賻噩購賱賽 賷賻乇賻賶 兀賻賳賿 賯賻丿賽 丕丨賿鬲賻賱賻賲賻 賵賻賱賻丕 賷賻噩賽丿購 丕賱賿亘賻賱賻賱賻 貙 賯賻丕賱賻 : 賱賻丕 睾購爻賿賱賻 毓賻賱賻賷賿賴賽 貙 賮賻賯賻丕賱賻鬲賿 兀購賲賾購 爻購賱賻賷賿賲賺 : 丕賱賿賲賻乇賿兀賻丞購 鬲賻乇賻賶 匕賻賱賽賰賻 兀賻毓賻賱賻賷賿賴賻丕 睾購爻賿賱賹 責 賯賻丕賱賻 : 賳賻毓賻賲賿 貙 廿賽賳賾賻賲賻丕 丕賱賳賾賽爻賻丕亍購 卮賻賯賻丕卅賽賯購 丕賱乇賾賽噩賻丕賱賽 .
151	丕賱乇賾賽噩賻丕賱購 賯賻賵賾賻丕賲購賵賳賻 毓賻賱賻賶 丕賱賳賾賽爻賻丕亍賽 亘賽賲賻丕 賮賻囟賾賻賱賻 丕賱賱賾賻賴購 亘賻毓賿囟賻賴購賲賿 毓賻賱賻賶侔 亘賻毓賿囟賺 賵賻亘賽賲賻丕 兀賻賳賿賮賻賯購賵丕 賲賽賳賿 兀賻賲賿賵賻丕賱賽賴賽賲賿 蹥 賮賻丕賱氐賾賻丕賱賽丨賻丕鬲購 賯賻丕賳賽鬲賻丕鬲賹 丨賻丕賮賽馗賻丕鬲賹 賱賽賱賿睾賻賷賿亘賽 亘賽賲賻丕 丨賻賮賽馗賻 丕賱賱賾賻賴購 蹥 賵賻丕賱賱賾賻丕鬲賽賷 鬲賻禺賻丕賮購賵賳賻 賳購卮購賵夭賻賴購賳賾賻 賮賻毓賽馗購賵賴購賳賾賻 賵賻丕賴賿噩購乇購賵賴購賳賾賻 賮賽賷 丕賱賿賲賻囟賻丕噩賽毓賽 賵賻丕囟賿乇賽亘購賵賴購賳賾賻 蹡 賮賻廿賽賳賿 兀賻胤賻毓賿賳賻賰購賲賿 賮賻賱賻丕 鬲賻亘賿睾購賵丕 毓賻賱賻賷賿賴賽賳賾賻 爻賻亘賽賷賱賸丕 蹢 廿賽賳賾賻 丕賱賱賾賻賴賻 賰賻丕賳賻 毓賻賱賽賷賾賸丕 賰賻亘賽賷乇賸丕
152	乇賻亘賾賽 賮賻賱賻丕 鬲賻噩賿毓賻賱賿賳賽賷 賮賽賷 丕賱賿賯賻賵賿賲賽 丕賱馗賾賻丕賱賽賲賽賷賳賻
153	禺胤兀
154	禺胤兀
155	禺胤兀
156	禺胤兀
157	禺胤兀
158	禺胤兀
159	禺胤兀
160	禺胤兀
161	禺胤兀
162	禺胤兀
163	禺胤兀
164	禺胤兀
165	賵賻賱賻賯賻丿賿 禺賻賱賻賯賿賳賻丕 丕賱賿廿賽賳賿爻賻丕賳賻 賵賻賳賻毓賿賱賻賲購 賲賻丕 鬲購賵賻爻賿賵賽爻購 亘賽賴賽 賳賻賮賿爻購賴購 蹡 賵賻賳賻丨賿賳購 兀賻賯賿乇賻亘購 廿賽賱賻賷賿賴賽 賲賽賳賿 丨賻亘賿賱賽 丕賱賿賵賻乇賽賷丿賽
166	廿賽匕賿 賯賻丕賱賻 乇賻亘賾購賰賻 賱賽賱賿賲賻賱賻丕卅賽賰賻丞賽 廿賽賳賾賽賷 禺賻丕賱賽賯賹 亘賻卮賻乇賸丕 賲賽賳賿 胤賽賷賳賺
167	廿賽匕賿 賯賻丕賱賻 乇賻亘賾購賰賻 賱賽賱賿賲賻賱賻丕卅賽賰賻丞賽 廿賽賳賾賽賷 禺賻丕賱賽賯賹 亘賻卮賻乇賸丕 賲賽賳賿 胤賽賷賳賺
168	賵賻賱賻賯賻丿賿 禺賻賱賻賯賿賳賻丕 丕賱賿廿賽賳賿爻賻丕賳賻 賵賻賳賻毓賿賱賻賲購 賲賻丕 鬲購賵賻爻賿賵賽爻購 亘賽賴賽 賳賻賮賿爻購賴購 蹡 賵賻賳賻丨賿賳購 兀賻賯賿乇賻亘購 廿賽賱賻賷賿賴賽 賲賽賳賿 丨賻亘賿賱賽 丕賱賿賵賻乇賽賷丿賽
169	禺胤兀
170	賵賻賱賻賯賻丿賿 禺賻賱賻賯賿賳賻丕 丕賱賿廿賽賳爻賻丕賳賻 賵賻賳賻毓賿賱賻賲購 賲賻丕 鬲購賵賻爻賿賵賽爻購 亘賽賴賽 賳賻賮賿爻購賴購 蹡 賵賻賳賻丨賿賳購 兀賻賯賿乇賻亘購 廿賽賱賻賷賿賴賽 賲賽賳賿 丨賻亘賿賱賽 丕賱賿賵賻乇賽賷丿賽
171	賵賻賱賻賯賻丿賿 禺賻賱賻賯賿賳賻丕 丕賱賿廿賽賳賿爻賻丕賳賻 賵賻賳賻毓賿賱賻賲購 賲賻丕 鬲購賵賻爻賿賵賽爻購 亘賽賴賽 賳賻賮賿爻購賴購 蹡 賵賻賳賻丨賿賳購 兀賻賯賿乇賻亘購 廿賽賱賻賷賿賴賽 賲賽賳賿 丨賻亘賿賱賽 丕賱賿賵賻乇賽賷丿賽
172	賵賻賱賻賯賻丿賿 禺賻賱賻賯賿賳賻丕 丕賱賿廿賽賳賿爻賻丕賳賻 賵賻賳賻毓賿賱賻賲購 賲賻丕 鬲購賵賻爻賿賵賽爻購 亘賽賴賽 賳賻賮賿爻購賴購 蹡 賵賻賳賻丨賿賳購 兀賻賯賿乇賻亘購 廿賽賱賻賷賿賴賽 賲賽賳賿 丨賻亘賿賱賽 丕賱賿賵賻乇賽賷丿賽
173	賰賱賵丕 賵丕卮乇亘賵丕 賵丕賱亘爻賵丕 賵鬲氐丿賯賵丕 賮賷 睾賷乇 廿爻乇丕賮 賵賱丕 賲禺賷賱丞
174	廿賽賳賾賻 丕賱賱賴賻 毓賻夭賾賻 賵賻噩賻賱賾賻 賷賻亘賿爻購胤購 賷賻丿賻賴購 亘賽丕賱賱賾賻賷賿賱賽 賱賽賷賻鬲購賵亘賻 賲購爻賽賷亍購 丕賱賳賾賻賴賻丕乇賽 貙 賵賻賷賻亘賿爻購胤購 賷賻丿賻賴購 亘賽丕賱賳賾賻賴賻丕乇賽 賱賽賷賻鬲購賵亘賻 賲購爻賽賷亍購 丕賱賱賾賻賷賿賱賽 丨賻鬲賾賻賶 鬲賻胤賿賱購毓賻 丕賱卮賾賻賲賿爻購 賲賽賳賿 賲賻睾賿乇賽亘賽賴賻丕 .
175	禺胤兀
176	禺胤兀
177	禺胤兀
178	禺胤兀
179	禺胤兀
180	禺胤兀
181	禺胤兀
182	賰購賱賾購 賲賻賵賿賱購賵丿賺 賷購賵賱賻丿購 毓賻賱賻賶 丕賱賿賮賽胤賿乇賻丞賽 貙 賮賻兀賻亘賻賵賻丕賴購 賷購賴賻賵賾賽丿賻丕賳賽賴賽 賵賻賷購賳賻氐賾賽乇賻丕賳賽賴賽 貙 賰賻賲賻丕 鬲賻賳賻丕鬲賻噩購 丕賱賿廿賽亘賽賱購 賲賽賳賿 亘賻賴賽賷賲賻丞賺 噩賻賲賿毓賻丕亍賻 貙 賴賻賱賿 鬲購丨賽爻賾購 賲賽賳賿 噩賻丿賿毓賻丕亍賻 貙 賯賻丕賱購賵丕 : 賷賻丕 乇賻爻購賵賱賻 丕賱賱賴賽 貙 兀賻賮賻乇賻兀賻賷賿鬲賻 賲賻賳賿 賷賻賲購賵鬲購 賵賻賴購賵賻 氐賻睾賽賷乇賹 責 賯賻丕賱賻 : 丕賱賱賴購 兀賻毓賿賱賻賲購 亘賽賲賻丕 賰賻丕賳購賵丕 毓賻丕賲賽賱賽賷賳賻
183	賷賻丕 兀賻賷賾購賴賻丕 丕賱賾賻匕賽賷賳賻 丌賲賻賳購賵丕 丕爻賿鬲賻毓賽賷賳購賵丕 亘賽丕賱氐賾賻亘賿乇賽 賵賻丕賱氐賾賻賱賻丕丞賽 蹥 廿賽賳賾賻 丕賱賱賾賻賴賻 賲賻毓賻 丕賱氐賾賻丕亘賽乇賽賷賳賻
184	廿賽賳賾賻 丕賱賾賻匕賽賷賳賻 丌賲賻賳購賵丕 賵賻毓賻賲賽賱購賵丕 丕賱氐賾賻丕賱賽丨賻丕鬲賽 賵賻兀賻賯賻丕賲購賵丕 丕賱氐賾賻賱賻丕丞賻 賵賻丌鬲賻賵購丕 丕賱夭賾賻賰賻丕丞賻 賱賻賴購賲賿 兀賻噩賿乇購賴購賲賿 毓賽賳賿丿賻 乇賻亘賾賽賴賽賲賿 賵賻賱賻丕 禺賻賵賿賮賹 毓賻賱賻賷賿賴賽賲賿 賵賻賱賻丕 賴購賲賿 賷賻丨賿夭賻賳購賵賳賻
185	禺胤兀
186	禺胤兀
187	賷賻丕 兀賻賷賾購賴賻丕 丕賱賾賻匕賽賷賳賻 丌賲賻賳購賵丕 丕鬲賾賻賯購賵丕 丕賱賱賾賻賴賻 賵賻匕賻乇購賵丕 賲賻丕 亘賻賯賽賷賻 賲賽賳賻 丕賱乇賾賽亘賻丕 廿賽賳賿 賰購賳賿鬲購賲賿 賲購丐賿賲賽賳賽賷賳賻
188	賷購賵氐賽賷賰購賲購 丕賱賱賾賻賴購 賮賽賷 兀賻賵賿賱賻丕丿賽賰購賲賿 蹡 賱賽賱匕賾賻賰賻乇賽 賲賽孬賿賱購 丨賻馗賾賽 丕賱賿兀購賳賿孬賻賷賻賷賿賳賽 蹥 賮賻廿賽賳賿 賰購賳賾賻 賳賽爻賻丕亍賸 賮賻賵賿賯賻 丕孬賿賳賻鬲賻賷賿賳賽 賮賻賱賻賴購賳賾賻 孬購賱購孬賻丕 賲賻丕 鬲賻乇賻賰賻 蹡 賵賻廿賽賳賿 賰賻丕賳賻鬲賿 賵賻丕丨賽丿賻丞賸 賮賻賱賻賴賻丕 丕賱賳賾賽氐賿賮購 蹥 賵賻賱賽兀賻亘賻賵賻賷賿賴賽 賱賽賰購賱賾賽 賵賻丕丨賽丿賺 賲賽賳賿賴購賲賻丕 丕賱爻賾購丿購爻購 賲賽賲賾賻丕 鬲賻乇賻賰賻 廿賽賳賿 賰賻丕賳賻 賱賻賴購 賵賻賱賻丿賹 蹥 賮賻廿賽賳賿 賱賻賲賿 賷賻賰購賳賿 賱賻賴購 賵賻賱賻丿賹 賵賻賵賻乇賽孬賻賴購 兀賻亘賻賵賻丕賴購 賮賻賱賽兀購賲賾賽賴賽 丕賱孬賾購賱購孬購 蹥 賮賻廿賽賳賿 賰賻丕賳賻 賱賻賴購 廿賽禺賿賵賻丞賹 賮賻賱賽兀購賲賾賽賴賽 丕賱爻賾購丿購爻購 蹥 賲賽賳賿 亘賻毓賿丿賽 賵賻氐賽賷賾賻丞賺 賷購賵氐賽賷 亘賽賴賻丕 兀賻賵賿 丿賻賷賿賳賺 蹢 丌亘賻丕丐購賰購賲賿 賵賻兀賻亘賿賳賻丕丐購賰購賲賿 賱賻丕 鬲賻丿賿乇購賵賳賻 兀賻賷賾購賴購賲賿 兀賻賯賿乇賻亘購 賱賻賰購賲賿 賳賻賮賿毓賸丕 蹥 賮賻乇賽賷囟賻丞賸 賲賽賳賻 丕賱賱賾賻賴賽 蹢 廿賽賳賾賻 丕賱賱賾賻賴賻 賰賻丕賳賻 毓賻賱賽賷賲賸丕 丨賻賰賽賷賲賸丕
189	禺胤兀
190	禺胤兀
191	禺胤兀
192	禺胤兀
193	賯購賱賿 : 丌賲賻賳賿鬲購 亘賽丕賱賱賴賽 賮賻丕爻賿鬲賻賯賽賲賿
194	禺胤兀
195	禺胤兀
196	禺胤兀
197	賱賻丕 賷賻睾購乇賾賻賳賾賻賰賻 鬲賻賯賻賱賾購亘購 丕賱賾賻匕賽賷賳賻 賰賻賮賻乇購賵丕 賮賽賷 丕賱賿亘賽賱賻丕丿賽 賲賻鬲賻丕毓賹 賯賻賱賽賷賱賹 賵賻賱賻賴購賲賿 毓賻匕賻丕亘賹 兀賻賱賽賷賲賹 賵賻賱賻丕 賷賻丨賿夭購賳賿賰賻 丕賱賾賻匕賽賷賳賻 賷購爻賻丕乇賽毓購賵賳賻 賮賽賷 丕賱賿賰購賮賿乇賽 蹥 廿賽賳賾賻賴購賲賿 賱賻賳賿 賷賻囟購乇賾購賵丕 丕賱賱賾賻賴賻 卮賻賷賿卅賸丕 蹢 賷購乇賽賷丿購 丕賱賱賾賻賴購 兀賻賱賾賻丕 賷賻噩賿毓賻賱賻 賱賻賴購賲賿 丨賻馗賾賸丕 賮賽賷 丕賱賿丌禺賽乇賻丞賽 蹡 賵賻賱賻賴購賲賿 毓賻匕賻丕亘賹 毓賻馗賽賷賲賹
198	禺胤兀
199	賱賻丕 賷賻睾購乇賾賻賳賾賻賰賻 鬲賻賯賻賱賾購亘購 丕賱賾賻匕賽賷賳賻 賰賻賮賻乇購賵丕 賮賽賷 丕賱賿亘賽賱賻丕丿賽 賲賻鬲賻丕毓賹 賯賻賱賽賷賱賹 賵賻賱賻賴購賲賿 毓賻匕賻丕亘賹 兀賻賱賽賷賲賹 賵賻賱賻丕 賷賻丨賿夭購賳賿賰賻 丕賱賾賻匕賽賷賳賻 賷購爻賻丕乇賽毓購賵賳賻 賮賽賷 丕賱賿賰購賮賿乇賽 蹥 廿賽賳賾賻賴購賲賿 賱賻賳賿 賷賻囟購乇賾購賵丕 丕賱賱賾賻賴賻 卮賻賷賿卅賸丕 蹢 賷購乇賽賷丿購 丕賱賱賾賻賴購 兀賻賱賾賻丕 賷賻噩賿毓賻賱賻 賱賻賴購賲賿 丨賻馗賾賸丕 賮賽賷 丕賱賿丌禺賽乇賻丞賽 蹡 賵賻賱賻賴購賲賿 毓賻匕賻丕亘賹 毓賻馗賽賷賲賹
200	禺胤兀
201	賵賻賱賻賳賻亘賿賱購賵賻賳賾賻賰購賲賿 亘賽卮賻賷賿亍賺 賲賽賳賻 丕賱賿禺賻賵賿賮賽 賵賻丕賱賿噩購賵毓賽 賵賻賳賻賯賿氐賺 賲賽賳賻 丕賱賿兀賻賲賿賵賻丕賱賽 賵賻丕賱賿兀賻賳賿賮購爻賽 賵賻丕賱孬賾賻賲賻乇賻丕鬲賽 蹢 賵賻亘賻卮賾賽乇賽 丕賱氐賾賻丕亘賽乇賽賷賳賻
202	賯購賱賿賳賻丕 賷賻丕 賳賻丕乇購 賰購賵賳賽賷 亘賻乇賿丿賸丕 賵賻爻賻賱賻丕賲賸丕 毓賻賱賻賶侔 廿賽亘賿乇賻丕賴賽賷賲賻
203	蹫 賵賻賯賻囟賻賶侔 乇賻亘賾購賰賻 兀賻賱賾賻丕 鬲賻毓賿亘購丿購賵丕 廿賽賱賾賻丕 廿賽賷賾賻丕賴購 賵賻亘賽丕賱賿賵賻丕賱賽丿賻賷賿賳賽 廿賽丨賿爻賻丕賳賸丕 蹥 廿賽賲賾賻丕 賷賻亘賿賱購睾賻賳賾賻 毓賽賳賿丿賻賰賻 丕賱賿賰賽亘賻乇賻 兀賻丨賻丿購賴購賲賻丕 兀賻賵賿 賰賽賱賻丕賴購賲賻丕 賮賻賱賻丕 鬲賻賯購賱賿 賱賻賴購賲賻丕 兀購賮賾賺 賵賻賱賻丕 鬲賻賳賿賴賻乇賿賴購賲賻丕 賵賻賯購賱賿 賱賻賴購賲賻丕 賯賻賵賿賱賸丕 賰賻乇賽賷賲賸丕
204	禺胤兀
206	禺胤兀
207	禺胤兀
208	禺胤兀
210	蹫 賷賻丕 亘賻賳賽賷 丌丿賻賲賻 禺購匕購賵丕 夭賽賷賳賻鬲賻賰購賲賿 毓賽賳賿丿賻 賰購賱賾賽 賲賻爻賿噩賽丿賺 賵賻賰購賱購賵丕 賵賻丕卮賿乇賻亘購賵丕 賵賻賱賻丕 鬲購爻賿乇賽賮購賵丕 蹥 廿賽賳賾賻賴購 賱賻丕 賷購丨賽亘賾購 丕賱賿賲購爻賿乇賽賮賽賷賳賻
211	禺胤兀
212	禺胤兀
213	賵賻賱賻賯賻丿賿 氐賻乇賾賻賮賿賳賻丕 賮賽賷 賴賻賭侔匕賻丕 丕賱賿賯購乇賿丌賳賽 賱賽賱賳賾賻丕爻賽 賲賽賳賿 賰購賱賾賽 賲賻孬賻賱賺 蹥 賵賻賰賻丕賳賻 丕賱賿廿賽賳賿爻賻丕賳購 兀賻賰賿孬賻乇賻 卮賻賷賿亍賺 噩賻丿賻賱賸丕
214	賲賽賮賿鬲賻丕丨購 丕賱賿睾賻賷賿亘賽 禺賻賲賿爻賹 賱賻丕 賷賻毓賿賱賻賲購賴賻丕 廿賽賱賾賻丕 丕賱賱賴購: 賱賻丕 賷賻毓賿賱賻賲購 兀賻丨賻丿賹 賲賻丕 賷賻賰購賵賳購 賮賽賷 睾賻丿賺 貙 賵賻賱賻丕 賷賻毓賿賱賻賲購 兀賻丨賻丿賹 賲賻丕 賷賻賰購賵賳購 賮賽賷 丕賱賿兀賻乇賿丨賻丕賲賽 貙 賵賻賱賻丕 鬲賻毓賿賱賻賲購 賳賻賮賿爻賹 賲賻丕匕賻丕 鬲賻賰賿爻賽亘購 睾賻丿賸丕 貙 賵賻賲賻丕 鬲賻丿賿乇賽賷 賳賻賮賿爻賹 亘賽兀賻賷賾賽 兀賻乇賿囟賺 鬲賻賲購賵鬲購 貙 賵賻賲賻丕 賷賻丿賿乇賽賷 兀賻丨賻丿賹 賲賻鬲賻賶 賷賻噩賽賷亍購 丕賱賿賲賻胤賻乇購
215	禺胤兀
216	禺胤兀
217	禺胤兀
218	賵賻賯賻丕賱賻 丕賱賾賻匕賽賷賳賻 賰賻賮賻乇購賵丕 賱賽賱賾賻匕賽賷賳賻 丌賲賻賳購賵丕 賱賻賵賿 賰賻丕賳賻 禺賻賷賿乇賸丕 賲賻丕 爻賻亘賻賯購賵賳賻丕 廿賽賱賻賷賿賴賽 蹥 賵賻廿賽匕賿 賱賻賲賿 賷賻賴賿鬲賻丿購賵丕 亘賽賴賽 賮賻爻賻賷賻賯購賵賱購賵賳賻 賴賻賭侔匕賻丕 廿賽賮賿賰賹 賯賻丿賽賷賲賹
219	賵賻廿賽匕賿 賯賻丕賱賻 廿賽亘賿乇賻丕賴賽賷賲購 乇賻亘賾賽 兀賻乇賽賳賽賷 賰賻賷賿賮賻 鬲購丨賿賷賽賷 丕賱賿賲賻賵賿鬲賻賶侔 蹡 賯賻丕賱賻 兀賻賵賻賱賻賲賿 鬲購丐賿賲賽賳賿 蹡 賯賻丕賱賻 亘賻賱賻賶侔 賵賻賱賻賭侔賰賽賳賿 賱賽賷賻胤賿賲賻卅賽賳賾賻 賯賻賱賿亘賽賷 蹡 賯賻丕賱賻 賮賻禺購匕賿 兀賻乇賿亘賻毓賻丞賸 賲賽賳賻 丕賱胤賾賻賷賿乇賽 賮賻氐購乇賿賴購賳賾賻 廿賽賱賻賷賿賰賻 孬購賲賾賻 丕噩賿毓賻賱賿 毓賻賱賻賶侔 賰購賱賾賽 噩賻亘賻賱賺 賲賽賳賿賴購賳賾賻 噩購夭賿亍賸丕 孬購賲賾賻 丕丿賿毓購賴購賳賾賻 賷賻兀賿鬲賽賷賳賻賰賻 爻賻毓賿賷賸丕 蹥 賵賻丕毓賿賱賻賲賿 兀賻賳賾賻 丕賱賱賾賻賴賻 毓賻夭賽賷夭賹 丨賻賰賽賷賲賹
220	賲賻賮賻丕鬲賽賷丨購 丕賱賿睾賻賷賿亘賽 禺賻賲賿爻賹 賱賻丕 賷賻毓賿賱賻賲購賴賻丕 廿賽賱賾賻丕 丕賱賱賴購: 賱賻丕 賷賻毓賿賱賻賲購 賲賻丕 賮賽賷 睾賻丿賺 廿賽賱賾賻丕 丕賱賱賴購 貙 賵賻賱賻丕 賷賻毓賿賱賻賲購 賲賻丕 鬲賻睾賽賷囟購 丕賱賿兀賻乇賿丨賻丕賲購 廿賽賱賾賻丕 丕賱賱賴購 貙 賵賻賱賻丕 賷賻毓賿賱賻賲購 賲賻鬲賻賶 賷賻兀賿鬲賽賷 丕賱賿賲賻胤賻乇購 兀賻丨賻丿賹 廿賽賱賾賻丕 丕賱賱賴購 貙 賵賻賱賻丕 鬲賻丿賿乇賽賷 賳賻賮賿爻賹 亘賽兀賻賷賾賽 兀賻乇賿囟賺 鬲賻賲購賵鬲購 貙 賵賻賱賻丕 賷賻毓賿賱賻賲購 賲賻鬲賻賶 鬲賻賯購賵賲購 丕賱爻賾賻丕毓賻丞購 廿賽賱賾賻丕 丕賱賱賴購
221	禺胤兀
222	兀賻鬲賻丿賿乇購賵賳賻 賲賻丕 丕賱賿睾賽賷亘賻丞購責 賯賻丕賱購賵丕 : 丕賱賱賴購 賵賻乇賻爻購賵賱購賴購 兀賻毓賿賱賻賲購 賯賻丕賱賻 : 匕賽賰賿乇購賰賻 兀賻禺賻丕賰賻 亘賽賲賻丕 賷賻賰賿乇賻賴購 賯賽賷賱賻 : 兀賻賮賻乇賻兀賻賷賿鬲賻 廿賽賳賿 賰賻丕賳賻 賮賽賷 兀賻禺賽賷 賲賻丕 兀賻賯購賵賱購責 賯賻丕賱賻 : 廿賽賳賿 賰賻丕賳賻 賮賽賷賴賽 賲賻丕 鬲賻賯購賵賱購 賮賻賯賻丿賽 丕睾賿鬲賻亘賿鬲賻賴購 貙 賵賻廿賽賳賿 賱賻賲賿 賷賻賰購賳賿 賮賽賷賴賽 賮賻賯賻丿賿 亘賻賴賻鬲賾賻賴購 .
223	禺胤兀
224	禺胤兀
225	禺胤兀
226	禺胤兀
227	禺胤兀
228	禺胤兀
229	禺胤兀
230	丕賱賿丨賻賷賻丕亍購 賲賽賳賻 丕賱賿廿賽賷賲賻丕賳賽
231	禺胤兀
234	禺胤兀
235	禺胤兀
236	禺胤兀
237	禺胤兀
238	禺胤兀
239	禺胤兀
240	禺胤兀
241	禺胤兀
242	禺胤兀
243	禺胤兀
244	禺胤兀
245	禺胤兀
246	禺胤兀
248	禺胤兀
249	禺胤兀
250	禺胤兀
251	賵賻賲賻賳賿 賷賻鬲賾賻賯賽 丕賱賱賾賻賴賻 賷賻噩賿毓賻賱賿 賱賻賴購 賲賻禺賿乇賻噩賸丕 賵賻賷賻乇賿夭購賯賿賴購 賲賽賳賿 丨賻賷賿孬購 賱賻丕 賷賻丨賿鬲賻爻賽亘購
252	禺胤兀
253	禺胤兀
254	廿賽賳賾賻賲賻丕 丕賱賿兀賻毓賿賲賻丕賱購 亘賽丕賱賳賾賽賷賾賻丞賽 貙 賵賻廿賽賳賾賻賲賻丕 賱賽丕賲賿乇賽卅賺 賲賻丕 賳賻賵賻賶 貙 賮賻賲賻賳賿 賰賻丕賳賻鬲賿 賴賽噩賿乇賻鬲購賴購 廿賽賱賻賶 丕賱賱賴賽 賵賻乇賻爻購賵賱賽賴賽 貙 賮賻賴賽噩賿乇賻鬲購賴購 廿賽賱賻賶 丕賱賱賴賽 賵賻乇賻爻購賵賱賽賴賽 貙 賵賻賲賻賳賿 賰賻丕賳賻鬲賿 賴賽噩賿乇賻鬲購賴購 廿賽賱賻賶 丿購賳賿賷賻丕 賷購氐賽賷亘購賴賻丕 貙 兀賻賵賽 丕賲賿乇賻兀賻丞賺 賷賻鬲賻夭賻賵賾賻噩購賴賻丕 貙 賮賻賴賽噩賿乇賻鬲購賴購 廿賽賱賻賶 賲賻丕 賴賻丕噩賻乇賻 廿賽賱賻賷賿賴賽 .
255	禺胤兀
256	禺胤兀
257	禺胤兀
258	禺胤兀
259	禺胤兀
261	丕賱賾賻匕賽賷賳賻 賷賻亘賿禺賻賱購賵賳賻 賵賻賷賻兀賿賲購乇購賵賳賻 丕賱賳賾賻丕爻賻 亘賽丕賱賿亘購禺賿賱賽 賵賻賷賻賰賿鬲購賲購賵賳賻 賲賻丕 丌鬲賻丕賴購賲購 丕賱賱賾賻賴購 賲賽賳賿 賮賻囟賿賱賽賴賽 蹢 賵賻兀賻毓賿鬲賻丿賿賳賻丕 賱賽賱賿賰賻丕賮賽乇賽賷賳賻 毓賻匕賻丕亘賸丕 賲購賴賽賷賳賸丕
262	賵賻賲賻賳賿 賷賻鬲賾賻賯賽 丕賱賱賾賻賴賻 賷賻噩賿毓賻賱賿 賱賻賴購 賲賻禺賿乇賻噩賸丕 賵賻賷賻乇賿夭購賯賿賴購 賲賽賳賿 丨賻賷賿孬購 賱賻丕 賷賻丨賿鬲賻爻賽亘購
263	禺胤兀
264	禺胤兀
265	禺胤兀
266	丕賱賱賾賻賴購 丕賱賾賻匕賽賷 禺賻賱賻賯賻 爻賻亘賿毓賻 爻賻賲賻丕賵賻丕鬲賺 賵賻賲賽賳賻 丕賱賿兀賻乇賿囟賽 賲賽孬賿賱賻賴購賳賾賻 賷賻鬲賻賳賻夭賾賻賱購 丕賱賿兀賻賲賿乇購 亘賻賷賿賳賻賴購賳賾賻 賱賽鬲賻毓賿賱賻賲購賵丕 兀賻賳賾賻 丕賱賱賾賻賴賻 毓賻賱賻賶侔 賰購賱賾賽 卮賻賷賿亍賺 賯賻丿賽賷乇賹 賵賻兀賻賳賾賻 丕賱賱賾賻賴賻 賯賻丿賿 兀賻丨賻丕胤賻 亘賽賰購賱賾賽 卮賻賷賿亍賺 毓賽賱賿賲賸丕
267	賵賻廿賽賳賿 賷賻賲賿爻賻爻賿賰賻 丕賱賱賾賻賴購 亘賽囟購乇賾賺 賮賻賱賻丕 賰賻丕卮賽賮賻 賱賻賴購 廿賽賱賾賻丕 賴購賵賻 蹡 賵賻廿賽賳賿 賷購乇賽丿賿賰賻 亘賽禺賻賷賿乇賺 賮賻賱賻丕 乇賻丕丿賾賻 賱賽賮賻囟賿賱賽賴賽 蹥 賷購氐賽賷亘購 亘賽賴賽 賲賻賳賿 賷賻卮賻丕亍購 賲賽賳賿 毓賽亘賻丕丿賽賴賽 蹥 賵賻賴購賵賻 丕賱賿睾賻賮購賵乇購 丕賱乇賾賻丨賽賷賲購
268	禺胤兀
269	禺胤兀
270	禺胤兀
271	禺胤兀
272	禺胤兀
273	兀賻亘購賵 亘賻賰賿乇賺 賮賽賷 丕賱賿噩賻賳賾賻丞賽 貙 賵賻毓購賲賻乇購 賮賽賷 丕賱賿噩賻賳賾賻丞賽 貙 賵賻毓購孬賿賲賻丕賳購 賮賽賷 丕賱賿噩賻賳賾賻丞賽 貙 賵賻毓賻賱賽賷賾賹 賮賽賷 丕賱賿噩賻賳賾賻丞賽 貙 賵賻胤賻賱賿丨賻丞購 賮賽賷 丕賱賿噩賻賳賾賻丞賽 貙 賵賻丕賱夭賾購亘賻賷賿乇購 賮賽賷 丕賱賿噩賻賳賾賻丞賽 貙 賵賻毓賻亘賿丿購 丕賱乇賾賻丨賿賲賻賳賽 亘賿賳購 毓賻賵賿賮賺 賮賽賷 丕賱賿噩賻賳賾賻丞賽 貙 賵賻爻賻毓賿丿賹 賮賽賷 丕賱賿噩賻賳賾賻丞賽 貙 賵賻爻賻毓賽賷丿賹 賮賽賷 丕賱賿噩賻賳賾賻丞賽 貙 賵賻兀賻亘購賵 毓購亘賻賷賿丿賻丞賻 亘賿賳購 丕賱賿噩賻乇賾賻丕丨賽 賮賽賷 丕賱賿噩賻賳賾賻丞賽
274	禺胤兀
275	賷賻丕 兀賻賷賾購賴賻丕 丕賱賳賾賻丕爻購 賰購賱購賵丕 賲賽賲賾賻丕 賮賽賷 丕賱賿兀賻乇賿囟賽 丨賻賱賻丕賱賸丕 胤賻賷賾賽亘賸丕 賵賻賱賻丕 鬲賻鬲賾賻亘賽毓購賵丕 禺購胤購賵賻丕鬲賽 丕賱卮賾賻賷賿胤賻丕賳賽 蹥 廿賽賳賾賻賴購 賱賻賰購賲賿 毓賻丿購賵賾賹 賲購亘賽賷賳賹
276	禺胤兀
277	禺胤兀
278	賵賻廿賽賳賿 禺賽賮賿鬲購賲賿 兀賻賱賾賻丕 鬲購賯賿爻賽胤購賵丕 賮賽賷 丕賱賿賷賻鬲賻丕賲賻賶侔 賮賻丕賳賿賰賽丨購賵丕 賲賻丕 胤賻丕亘賻 賱賻賰購賲賿 賲賽賳賻 丕賱賳賾賽爻賻丕亍賽 賲賻孬賿賳賻賶侔 賵賻孬購賱賻丕孬賻 賵賻乇購亘賻丕毓賻 蹡 賮賻廿賽賳賿 禺賽賮賿鬲購賲賿 兀賻賱賾賻丕 鬲賻毓賿丿賽賱購賵丕 賮賻賵賻丕丨賽丿賻丞賸 兀賻賵賿 賲賻丕 賲賻賱賻賰賻鬲賿 兀賻賷賿賲賻丕賳購賰購賲賿 蹥 匕賻侔賱賽賰賻 兀賻丿賿賳賻賶侔 兀賻賱賾賻丕 鬲賻毓購賵賱購賵丕
279	賵賻兀賻賳賿夭賻賱賿賳賻丕 廿賽賱賻賷賿賰賻 丕賱賿賰賽鬲賻丕亘賻 亘賽丕賱賿丨賻賯賾賽 賲購氐賻丿賾賽賯賸丕 賱賽賲賻丕 亘賻賷賿賳賻 賷賻丿賻賷賿賴賽 賲賽賳賻 丕賱賿賰賽鬲賻丕亘賽 賵賻賲購賴賻賷賿賲賽賳賸丕 毓賻賱賻賷賿賴賽 蹡 賮賻丕丨賿賰購賲賿 亘賻賷賿賳賻賴購賲賿 亘賽賲賻丕 兀賻賳賿夭賻賱賻 丕賱賱賾賻賴購 蹡 賵賻賱賻丕 鬲賻鬲賾賻亘賽毓賿 兀賻賴賿賵賻丕亍賻賴購賲賿 毓賻賲賾賻丕 噩賻丕亍賻賰賻 賲賽賳賻 丕賱賿丨賻賯賾賽 蹥 賱賽賰購賱賾賺 噩賻毓賻賱賿賳賻丕 賲賽賳賿賰購賲賿 卮賽乇賿毓賻丞賸 賵賻賲賽賳賿賴賻丕噩賸丕 蹥 賵賻賱賻賵賿 卮賻丕亍賻 丕賱賱賾賻賴購 賱賻噩賻毓賻賱賻賰購賲賿 兀購賲賾賻丞賸 賵賻丕丨賽丿賻丞賸 賵賻賱賻賭侔賰賽賳賿 賱賽賷賻亘賿賱購賵賻賰購賲賿 賮賽賷 賲賻丕 丌鬲賻丕賰購賲賿 蹡 賮賻丕爻賿鬲賻亘賽賯購賵丕 丕賱賿禺賻賷賿乇賻丕鬲賽 蹥 廿賽賱賻賶 丕賱賱賾賻賴賽 賲賻乇賿噩賽毓購賰購賲賿 噩賻賲賽賷毓賸丕 賮賻賷購賳賻亘賾賽卅購賰購賲賿 亘賽賲賻丕 賰購賳賿鬲購賲賿 賮賽賷賴賽 鬲賻禺賿鬲賻賱賽賮購賵賳賻
280	禺胤兀
282	禺胤兀
283	禺胤兀
284	賵賻兀購夭賿賱賽賮賻鬲賽 丕賱賿噩賻賳賾賻丞購 賱賽賱賿賲購鬲賾賻賯賽賷賳賻 賵賻亘購乇賾賽夭賻鬲賽 丕賱賿噩賻丨賽賷賲購 賱賽賱賿睾賻丕賵賽賷賳賻 賵賻賯賽賷賱賻 賱賻賴購賲賿 兀賻賷賿賳賻 賲賻丕 賰購賳賿鬲購賲賿 鬲賻毓賿亘購丿購賵賳賻 賲賽賳賿 丿購賵賳賽 丕賱賱賾賻賴賽 賴賻賱賿 賷賻賳賿氐購乇購賵賳賻賰購賲賿 兀賻賵賿 賷賻賳賿鬲賻氐賽乇購賵賳賻 賮賻賰購亘賿賰賽亘購賵丕 賮賽賷賴賻丕 賴購賲賿 賵賻丕賱賿睾賻丕賵購賵賳賻 賵賻噩購賳購賵丿購 廿賽亘賿賱賽賷爻賻 兀賻噩賿賲賻毓購賵賳賻 賯賻丕賱購賵丕 賵賻賴購賲賿 賮賽賷賴賻丕 賷賻禺賿鬲賻氐賽賲購賵賳賻 鬲賻丕賱賱賾賻賴賽 廿賽賳賿 賰購賳賾賻丕 賱賻賮賽賷 囟賻賱賻丕賱賺 賲購亘賽賷賳賺 廿賽匕賿 賳購爻賻賵賾賽賷賰購賲賿 亘賽乇賻亘賾賽 丕賱賿毓賻丕賱賻賲賽賷賳賻 賵賻賲賻丕 兀賻囟賻賱賾賻賳賻丕 廿賽賱賾賻丕 丕賱賿賲購噩賿乇賽賲購賵賳賻 賮賻賲賻丕 賱賻賳賻丕 賲賽賳賿 卮賻丕賮賽毓賽賷賳賻 賵賻賱賻丕 氐賻丿賽賷賯賺 丨賻賲賽賷賲賺 賮賻賱賻賵賿 兀賻賳賾賻 賱賻賳賻丕 賰賻乇賾賻丞賸 賮賻賳賻賰購賵賳賻 賲賽賳賻 丕賱賿賲購丐賿賲賽賳賽賷賳賻
286	禺胤兀
287	禺胤兀
288	禺胤兀
289	禺胤兀
290	賵賻丕賱乇賾購噩賿夭賻 賮賻丕賴賿噩購乇賿 賵賻賱賻丕 鬲賻丨賿夭賻賳賿 毓賻賱賻賷賿賴賽賲賿 賵賻賱賻丕 鬲賻賰購賳賿 賮賽賷 囟賻賷賿賯賺 賲賽賲賾賻丕 賷賻賲賿賰購乇購賵賳賻 賵賻丕賱賿丨賻賲賿丿購 賱賽賱賾賻賴賽 乇賻亘賾賽 丕賱賿毓賻丕賱賻賲賽賷賳賻 廿賽賳賾賻 乇賻亘賾賻賰賻 賴購賵賻 丕賱賿禺賻賱賾賻丕賯購 丕賱賿毓賻賱賽賷賲購 廿賽賳賾賻 乇賻亘賾賻賰賻 賴購賵賻 賷賻賮賿氐賽賱購 亘賻賷賿賳賻賴購賲賿 賷賻賵賿賲賻 丕賱賿賯賽賷賻丕賲賻丞賽 賮賽賷賲賻丕 賰賻丕賳購賵丕 賮賽賷賴賽 賷賻禺賿鬲賻賱賽賮購賵賳賻 兀賻賵賻賱賻賲賿 賷賻乇賻賵賿丕 兀賻賳賾賻丕 賳賻兀賿鬲賽賷 丕賱賿兀賻乇賿囟賻 賳賻賳賿賯購氐購賴賻丕 賲賽賳賿 兀賻胤賿乇賻丕賮賽賴賻丕 蹥 賵賻丕賱賱賾賻賴購 賷賻丨賿賰購賲購 賱賻丕 賲購毓賻賯賾賽亘賻 賱賽丨購賰賿賲賽賴賽 蹥 賵賻賴購賵賻 爻賻乇賽賷毓購 丕賱賿丨賽爻賻丕亘賽
291	禺胤兀
292	丕賱賾賻匕賽賷賳賻 賷賻噩賿鬲賻賳賽亘購賵賳賻 賰賻亘賻丕卅賽乇賻 丕賱賿廿賽孬賿賲賽 賵賻丕賱賿賮賻賵賻丕丨賽卮賻 廿賽賱賾賻丕 丕賱賱賾賻賲賻賲賻 蹥 廿賽賳賾賻 乇賻亘賾賻賰賻 賵賻丕爻賽毓購 丕賱賿賲賻睾賿賮賽乇賻丞賽 蹥 賴購賵賻 兀賻毓賿賱賻賲購 亘賽賰購賲賿 廿賽匕賿 兀賻賳賿卮賻兀賻賰購賲賿 賲賽賳賻 丕賱賿兀賻乇賿囟賽 賵賻廿賽匕賿 兀賻賳賿鬲購賲賿 兀賻噩賽賳賾賻丞賹 賮賽賷 亘購胤購賵賳賽 兀購賲賾賻賴賻丕鬲賽賰購賲賿 蹡 賮賻賱賻丕 鬲購夭賻賰賾購賵丕 兀賻賳賿賮購爻賻賰購賲賿 蹡 賴購賵賻 兀賻毓賿賱賻賲購 亘賽賲賻賳賽 丕鬲賾賻賯賻賶侔
293	禺胤兀
294	兀賻賱賾賻丕 鬲賻夭賽乇購 賵賻丕夭賽乇賻丞賹 賵賽夭賿乇賻 兀購禺賿乇賻賶侔
295	禺胤兀
296	禺胤兀
297	禺胤兀
298	禺胤兀
299	兀賻亘購賵 亘賻賰賿乇賺 賮賽賷 丕賱賿噩賻賳賾賻丞賽 貙 賵賻毓購賲賻乇購 賮賽賷 丕賱賿噩賻賳賾賻丞賽 貙 賵賻毓購孬賿賲賻丕賳購 賮賽賷 丕賱賿噩賻賳賾賻丞賽 貙 賵賻毓賻賱賽賷賾賹 賮賽賷 丕賱賿噩賻賳賾賻丞賽 貙 賵賻胤賻賱賿丨賻丞購 賮賽賷 丕賱賿噩賻賳賾賻丞賽 貙 賵賻丕賱夭賾購亘賻賷賿乇購 賮賽賷 丕賱賿噩賻賳賾賻丞賽 貙 賵賻毓賻亘賿丿購 丕賱乇賾賻丨賿賲賻賳賽 亘賿賳購 毓賻賵賿賮賺 賮賽賷 丕賱賿噩賻賳賾賻丞賽 貙 賵賻爻賻毓賿丿賹 賮賽賷 丕賱賿噩賻賳賾賻丞賽 貙 賵賻爻賻毓賽賷丿賹 賮賽賷 丕賱賿噩賻賳賾賻丞賽 貙 賵賻兀賻亘購賵 毓購亘賻賷賿丿賻丞賻 亘賿賳購 丕賱賿噩賻乇賾賻丕丨賽 賮賽賷 丕賱賿噩賻賳賾賻丞賽
301	賵賻丕賱爻賾賻丕亘賽賯購賵賳賻 丕賱爻賾賻丕亘賽賯購賵賳賻 兀購賵賱賻賭侔卅賽賰賻 丕賱賿賲購賯賻乇賾賻亘購賵賳賻 賮賽賷 噩賻賳賾賻丕鬲賽 丕賱賳賾賻毓賽賷賲賽 孬購賱賾賻丞賹 賲賽賳賻 丕賱賿兀賻賵賾賻賱賽賷賳賻
302	禺胤兀
303	禺胤兀
304	禺胤兀
305	禺胤兀
306	禺胤兀
307	禺胤兀
308	賲賻賳賿 爻賻乇賾賻賴購 兀賻賳賿 賷賻爻賿鬲賻噩賽賷亘賻 丕賱賱賴購 賱賻賴購 毓賽賳賿丿賻 丕賱卮賾賻丿賻丕卅賽丿賽 賵賻丕賱賿賰購乇賻亘賽 貙 賮賻賱賿賷購賰賿孬賽乇賽 丕賱丿賾購毓賻丕亍賻 賮賽賷 丕賱乇賾賻禺賻丕亍賽
