1	賵賻賱賻丕 鬲購氐賻毓賾賽乇賿 禺賻丿賾賻賰賻 賱賽賱賳賾賻丕爻賽 賵賻賱賻丕 鬲賻賲賿卮賽 賮賽賷 丕賱賿兀賻乇賿囟賽 賲賻乇賻丨賸丕 蹡 廿賽賳賾賻 丕賱賱賾賻賴賻 賱賻丕 賷購丨賽亘賾購 賰購賱賾賻 賲購禺賿鬲賻丕賱賺 賮賻禺購賵乇賺 賵賻丕賯賿氐賽丿賿 賮賽賷 賲賻卮賿賷賽賰賻 賵賻丕睾賿囟購囟賿 賲賽賳賿 氐賻賵賿鬲賽賰賻 蹥 廿賽賳賾賻 兀賻賳賿賰賻乇賻 丕賱賿兀賻氐賿賵賻丕鬲賽 賱賻氐賻賵賿鬲購 丕賱賿丨賻賲賽賷乇賽
2	廿賽賳賾賻丕 禺賻賱賻賯賿賳賻丕 丕賱賿廿賽賳賿爻賻丕賳賻 賲賽賳賿 賳購胤賿賮賻丞賺 兀賻賲賿卮賻丕噩賺 賳賻亘賿鬲賻賱賽賷賴賽 賮賻噩賻毓賻賱賿賳賻丕賴購 爻賻賲賽賷毓賸丕 亘賻氐賽賷乇賸丕 廿賽賳賾賻丕 賴賻丿賻賷賿賳賻丕賴購 丕賱爻賾賻亘賽賷賱賻 廿賽賲賾賻丕 卮賻丕賰賽乇賸丕 賵賻廿賽賲賾賻丕 賰賻賮購賵乇賸丕
3	丨購乇賾賽賲賻鬲賿 毓賻賱賻賷賿賰購賲賿 兀購賲賾賻賴賻丕鬲購賰購賲賿 賵賻亘賻賳賻丕鬲購賰購賲賿 賵賻兀賻禺賻賵賻丕鬲購賰購賲賿 賵賻毓賻賲賾賻丕鬲購賰購賲賿 賵賻禺賻丕賱賻丕鬲購賰購賲賿 賵賻亘賻賳賻丕鬲購 丕賱賿兀賻禺賽 賵賻亘賻賳賻丕鬲購 丕賱賿兀購禺賿鬲賽 賵賻兀購賲賾賻賴賻丕鬲購賰購賲購 丕賱賱賾賻丕鬲賽賷 兀賻乇賿囟賻毓賿賳賻賰購賲賿 賵賻兀賻禺賻賵賻丕鬲購賰購賲賿 賲賽賳賻 丕賱乇賾賻囟賻丕毓賻丞賽 賵賻兀購賲賾賻賴賻丕鬲購 賳賽爻賻丕卅賽賰購賲賿 賵賻乇賻亘賻丕卅賽亘購賰購賲購 丕賱賱賾賻丕鬲賽賷 賮賽賷 丨購噩購賵乇賽賰購賲賿 賲賽賳賿 賳賽爻賻丕卅賽賰購賲購 丕賱賱賾賻丕鬲賽賷 丿賻禺賻賱賿鬲購賲賿 亘賽賴賽賳賾賻 賮賻廿賽賳賿 賱賻賲賿 鬲賻賰購賵賳購賵丕 丿賻禺賻賱賿鬲購賲賿 亘賽賴賽賳賾賻 賮賻賱賻丕 噩購賳賻丕丨賻 毓賻賱賻賷賿賰購賲賿 賵賻丨賻賱賻丕卅賽賱購 兀賻亘賿賳賻丕卅賽賰購賲購 丕賱賾賻匕賽賷賳賻 賲賽賳賿 兀賻氐賿賱賻丕亘賽賰購賲賿 賵賻兀賻賳賿 鬲賻噩賿賲賻毓購賵丕 亘賻賷賿賳賻 丕賱賿兀購禺賿鬲賻賷賿賳賽 廿賽賱賾賻丕 賲賻丕 賯賻丿賿 爻賻賱賻賮賻 蹢 廿賽賳賾賻 丕賱賱賾賻賴賻 賰賻丕賳賻 睾賻賮購賵乇賸丕 乇賻丨賽賷賲賸丕
4	禺胤兀
5	禺胤兀
6	禺胤兀
7	禺胤兀
8	禺胤兀
9	禺胤兀
10	禺胤兀
11	禺胤兀
12	賮賱丕 賷鬲夭賵噩賳 兀賲賴
13	禺胤兀
14	禺胤兀
15	禺胤兀
16	禺胤兀
17	禺胤兀
18	禺胤兀
19	禺胤兀
20	禺胤兀
21	禺胤兀
22	禺胤兀
23	禺胤兀
24	禺胤兀
25	禺胤兀
26	禺胤兀
27	禺胤兀
28	禺胤兀
29	禺胤兀
30	禺胤兀
31	禺胤兀
32	賵賻廿賽賳賿 禺賽賮賿鬲購賲賿 兀賻賱賾賻丕 鬲購賯賿爻賽胤購賵丕 賮賽賷 丕賱賿賷賻鬲賻丕賲賻賶侔 賮賻丕賳賿賰賽丨購賵丕 賲賻丕 胤賻丕亘賻 賱賻賰購賲賿 賲賽賳賻 丕賱賳賾賽爻賻丕亍賽 賲賻孬賿賳賻賶侔 賵賻孬購賱賻丕孬賻 賵賻乇購亘賻丕毓賻 蹡 賮賻廿賽賳賿 禺賽賮賿鬲購賲賿 兀賻賱賾賻丕 鬲賻毓賿丿賽賱購賵丕 賮賻賵賻丕丨賽丿賻丞賸 兀賻賵賿 賲賻丕 賲賻賱賻賰賻鬲賿 兀賻賷賿賲賻丕賳購賰購賲賿 蹥 匕賻侔賱賽賰賻 兀賻丿賿賳賻賶侔 兀賻賱賾賻丕 鬲賻毓購賵賱購賵丕
33	禺胤兀
34	禺胤兀
35	禺胤兀
36	禺胤兀
37	禺胤兀
38	禺胤兀
39	禺胤兀
40	禺胤兀
41	禺胤兀
42	禺胤兀
43	禺胤兀
44	禺胤兀
45	禺胤兀
46	廿賽賳賾賻 卮賻噩賻乇賻鬲賻 丕賱夭賾賻賯賾購賵賲賽 胤賻毓賻丕賲購 丕賱賿兀賻孬賽賷賲賽 賰賻丕賱賿賲購賴賿賱賽 賷賻睾賿賱賽賷 賮賽賷 丕賱賿亘購胤購賵賳賽 賰賻睾賻賱賿賷賽 丕賱賿丨賻賲賽賷賲賽
47	賵賻賱賻賯賻丿賿 禺賻賱賻賯賿賳賻丕 丕賱賿廿賽賳賿爻賻丕賳賻 賵賻賳賻毓賿賱賻賲購 賲賻丕 鬲購賵賻爻賿賵賽爻購 亘賽賴賽 賳賻賮賿爻購賴購 蹡 賵賻賳賻丨賿賳購 兀賻賯賿乇賻亘購 廿賽賱賻賷賿賴賽 賲賽賳賿 丨賻亘賿賱賽 丕賱賿賵賻乇賽賷丿賽 賵賻賳賻丨賿賳購 兀賻賯賿乇賻亘購 廿賽賱賻賷賿賴賽 賲賽賳賿賰購賲賿 賵賻賱賻賭侔賰賽賳賿 賱賻丕 鬲購亘賿氐賽乇購賵賳賻
48	賵賻賱賻賯賻丿賿 禺賻賱賻賯賿賳賻丕 丕賱賿廿賽賳賿爻賻丕賳賻 賵賻賳賻毓賿賱賻賲購 賲賻丕 鬲購賵賻爻賿賵賽爻購 亘賽賴賽 賳賻賮賿爻購賴購 蹡 賵賻賳賻丨賿賳購 兀賻賯賿乇賻亘購 廿賽賱賻賷賿賴賽 賲賽賳賿 丨賻亘賿賱賽 丕賱賿賵賻乇賽賷丿賽
49	賵賻賱賻賯賻丿賿 禺賻賱賻賯賿賳賻丕 丕賱賿廿賽賳賿爻賻丕賳賻 賵賻賳賻毓賿賱賻賲購 賲賻丕 鬲購賵賻爻賿賵賽爻購 亘賽賴賽 賳賻賮賿爻購賴購 蹡 賵賻賳賻丨賿賳購 兀賻賯賿乇賻亘購 廿賽賱賻賷賿賴賽 賲賽賳賿 丨賻亘賿賱賽 丕賱賿賵賻乇賽賷丿賽
50	賮賻兀購賲賾購賴購 賴賻丕賵賽賷賻丞賹
51	廿賽匕賿 賯賻丕賱賻 乇賻亘賾購賰賻 賱賽賱賿賲賻賱賻丕卅賽賰賻丞賽 廿賽賳賾賽賷 禺賻丕賱賽賯賹 亘賻卮賻乇賸丕 賲賽賳賿 胤賽賷賳賺
52	孬購賲賾賻 爻賻賵賾賻丕賴購 賵賻賳賻賮賻禺賻 賮賽賷賴賽 賲賽賳賿 乇購賵丨賽賴賽 蹡 賵賻噩賻毓賻賱賻 賱賻賰購賲購 丕賱爻賾賻賲賿毓賻 賵賻丕賱賿兀賻亘賿氐賻丕乇賻 賵賻丕賱賿兀賻賮賿卅賽丿賻丞賻 蹥 賯賻賱賽賷賱賸丕 賲賻丕 鬲賻卮賿賰購乇購賵賳賻
53	賲賻賳賿 賯購鬲賽賱賻 丿購賵賳賻 賲賻丕賱賽賴賽 賮賻賴購賵賻 卮賻賴賽賷丿賹 貙 賵賻賲賻賳賿 賯購鬲賽賱賻 丿購賵賳賻 丿賽賷賳賽賴賽 賮賻賴購賵賻 卮賻賴賽賷丿賹 貙 賵賻賲賻賳賿 賯購鬲賽賱賻 丿購賵賳賻 丿賻賲賽賴賽 賮賻賴購賵賻 卮賻賴賽賷丿賹 貙 賵賻賲賻賳賿 賯購鬲賽賱賻 丿購賵賳賻 兀賻賴賿賱賽賴賽 賮賻賴購賵賻 卮賻賴賽賷丿賹
54	賵賻賲賻賳賿 賷購賯賻丕鬲賽賱賿 賮賽賷 爻賻亘賽賷賱賽 丕賱賱賾賻賴賽 賮賻賷購賯賿鬲賻賱賿 兀賻賵賿 賷賻睾賿賱賽亘賿 賮賻爻賻賵賿賮賻 賳購丐賿鬲賽賷賴賽 兀賻噩賿乇賸丕 毓賻馗賽賷賲賸丕
55	禺胤兀
56	禺胤兀
57	禺胤兀
58	禺胤兀
59	賲賻賳賿 賯購鬲賽賱賻 賮賽賷 爻賻亘賽賷賱賽 丕賱賱賴賽 賮賻賴購賵賻 卮賻賴賽賷丿賹
60	禺胤兀
61	禺胤兀
62	禺胤兀
63	禺胤兀
64	禺胤兀
65	禺胤兀
66	禺胤兀
67	禺胤兀
68	禺胤兀
69	禺胤兀
70	禺胤兀
71	禺胤兀
72	廿賽賱賾賻丕 鬲賻賳賿氐購乇購賵賴購 賮賻賯賻丿賿 賳賻氐賻乇賻賴購 丕賱賱賾賻賴購 廿賽匕賿 兀賻禺賿乇賻噩賻賴購 丕賱賾賻匕賽賷賳賻 賰賻賮賻乇購賵丕 孬賻丕賳賽賷賻 丕孬賿賳賻賷賿賳賽 廿賽匕賿 賴購賲賻丕 賮賽賷 丕賱賿睾賻丕乇賽 廿賽匕賿 賷賻賯購賵賱購 賱賽氐賻丕丨賽亘賽賴賽 賱賻丕 鬲賻丨賿夭賻賳賿 廿賽賳賾賻 丕賱賱賾賻賴賻 賲賻毓賻賳賻丕 蹡 賮賻兀賻賳賿夭賻賱賻 丕賱賱賾賻賴購 爻賻賰賽賷賳賻鬲賻賴購 毓賻賱賻賷賿賴賽 賵賻兀賻賷賾賻丿賻賴購 亘賽噩購賳購賵丿賺 賱賻賲賿 鬲賻乇賻賵賿賴賻丕 賵賻噩賻毓賻賱賻 賰賻賱賽賲賻丞賻 丕賱賾賻匕賽賷賳賻 賰賻賮賻乇購賵丕 丕賱爻賾購賮賿賱賻賶侔 蹢 賵賻賰賻賱賽賲賻丞購 丕賱賱賾賻賴賽 賴賽賷賻 丕賱賿毓購賱賿賷賻丕 蹢 賵賻丕賱賱賾賻賴購 毓賻夭賽賷夭賹 丨賻賰賽賷賲賹
73	禺胤兀
74	禺胤兀
75	禺胤兀
76	賵賻賲賻賳賿 賷賻鬲賾賻賯賽 丕賱賱賾賻賴賻 賷賻噩賿毓賻賱賿 賱賻賴購 賲賻禺賿乇賻噩賸丕 賵賻賷賻乇賿夭購賯賿賴購 賲賽賳賿 丨賻賷賿孬購 賱賻丕 賷賻丨賿鬲賻爻賽亘購 蹥
77	禺胤兀
78	禺胤兀
79	禺胤兀
80	禺胤兀
81	亘賻賷賿賳賻賲賻丕 乇賻噩購賱賹 賷賻噩購乇賾購 廿賽夭賻丕乇賻賴購 賲賽賳賻 丕賱賿禺購賷賻賱賻丕亍賽 禺購爻賽賮賻 亘賽賴賽 賮賻賴購賵賻 賷賻鬲賻噩賻賱賿噩賻賱購 賮賽賷 丕賱賿兀賻乇賿囟賽 廿賽賱賻賶 賷賻賵賿賲賽 丕賱賿賯賽賷賻丕賲賻丞賽
82	亘賻賷賿賳賻賲賻丕 乇賻噩購賱賹 賷賻噩購乇賾購 廿賽夭賻丕乇賻賴購 賲賽賳賻 丕賱賿禺購賷賻賱賻丕亍賽 禺購爻賽賮賻 亘賽賴賽 賮賻賴購賵賻 賷賻鬲賻噩賻賱賿噩賻賱購 賮賽賷 丕賱賿兀賻乇賿囟賽 廿賽賱賻賶 賷賻賵賿賲賽 丕賱賿賯賽賷賻丕賲賻丞賽
83	賵賻廿賽賱賻賶侔 賲賻丿賿賷賻賳賻 兀賻禺賻丕賴購賲賿 卮購毓賻賷賿亘賸丕 蹢 賯賻丕賱賻 賷賻丕 賯賻賵賿賲賽 丕毓賿亘購丿購賵丕 丕賱賱賾賻賴賻 賲賻丕 賱賻賰購賲賿 賲賽賳賿 廿賽賱賻賭侔賴賺 睾賻賷賿乇購賴購 蹡 賯賻丿賿 噩賻丕亍賻鬲賿賰購賲賿 亘賻賷賾賽賳賻丞賹 賲賽賳賿 乇賻亘賾賽賰購賲賿 蹡 賮賻兀賻賵賿賮購賵丕 丕賱賿賰賻賷賿賱賻 賵賻丕賱賿賲賽賷夭賻丕賳賻 賵賻賱賻丕 鬲賻亘賿禺賻爻購賵丕 丕賱賳賾賻丕爻賻 兀賻卮賿賷賻丕亍賻賴購賲賿 賵賻賱賻丕 鬲購賮賿爻賽丿購賵丕 賮賽賷 丕賱賿兀賻乇賿囟賽 亘賻毓賿丿賻 廿賽氐賿賱賻丕丨賽賴賻丕 蹥 匕賻侔賱賽賰購賲賿 禺賻賷賿乇賹 賱賻賰購賲賿 廿賽賳賿 賰購賳賿鬲購賲賿 賲購丐賿賲賽賳賽賷賳賻
84	禺胤兀
85	禺胤兀
86	賮賻兀賻禺賻匕賻鬲賿賴購賲購 丕賱乇賾賻噩賿賮賻丞購 賮賻兀賻氐賿亘賻丨購賵丕 賮賽賷 丿賻丕乇賽賴賽賲賿 噩賻丕孬賽賲賽賷賳賻
87	禺胤兀
88	禺胤兀
89	廿賽賳賾賻賴購 賱賻賯賻賵賿賱購 乇賻爻購賵賱賺 賰賻乇賽賷賲賺 匕賽賷 賯購賵賾賻丞賺 毓賽賳賿丿賻 匕賽賷 丕賱賿毓賻乇賿卮賽 賲賻賰賽賷賳賺 賲購胤賻丕毓賺 孬賻賲賾賻 兀賻賲賽賷賳賺
90	禺胤兀
91	賵賻廿賽匕賻丕 丨賻囟賻乇賻 丕賱賿賯賽爻賿賲賻丞賻 兀購賵賱購賵 丕賱賿賯購乇賿亘賻賶侔 賵賻丕賱賿賷賻鬲賻丕賲賻賶侔 賵賻丕賱賿賲賻爻賻丕賰賽賷賳購 賮賻丕乇賿夭購賯購賵賴購賲賿 賲賽賳賿賴購 賵賻賯購賵賱購賵丕 賱賻賴購賲賿 賯賻賵賿賱賸丕 賲賻毓賿乇購賵賮賸丕 賵賻賱賿賷賻禺賿卮賻 丕賱賾賻匕賽賷賳賻 賱賻賵賿 鬲賻乇賻賰購賵丕 賲賽賳賿 禺賻賱賿賮賽賴賽賲賿 匕購乇賾賽賷賾賻丞賸 囟賽毓賻丕賮賸丕 禺賻丕賮購賵丕 毓賻賱賻賷賿賴賽賲賿 賮賻賱賿賷賻鬲賾賻賯購賵丕 丕賱賱賾賻賴賻 賵賻賱賿賷賻賯購賵賱購賵丕 賯賻賵賿賱賸丕 爻賻丿賽賷丿賸丕
92	賱賻丕 賷賻爻賿鬲賻賰賿亘賽乇購賵賳賻 毓賻賳賿 毓賽亘賻丕丿賻鬲賽賴賽 賵賻賱賻丕 賷賻爻賿鬲賻丨賿爻賽乇購賵賳賻 賷購爻賻亘賾賽丨購賵賳賻 丕賱賱賾賻賷賿賱賻 賵賻丕賱賳賾賻賴賻丕乇賻 賱賻丕 賷賻賮賿鬲購乇購賵賳賻
93	廿賽賳賾賻 丕賱賾賻匕賽賷賳賻 賷賻鬲賿賱購賵賳賻 賰賽鬲賻丕亘賻 丕賱賱賾賻賴賽 賵賻兀賻賯賻丕賲購賵丕 丕賱氐賾賻賱賻丕丞賻 賵賻兀賻賳賿賮賻賯購賵丕 賲賽賲賾賻丕 乇賻夭賻賯賿賳賻丕賴購賲賿 爻賽乇賾賸丕 賵賻毓賻賱賻丕賳賽賷賻丞賸 賷賻乇賿噩購賵賳賻 鬲賽噩賻丕乇賻丞賸 賱賻賳賿 鬲賻亘購賵乇賻 賱賽賷購賵賻賮賾賽賷賻賴購賲賿 兀購噩購賵乇賻賴購賲賿 賵賻賷賻夭賽賷丿賻賴購賲賿 賲賽賳賿 賮賻囟賿賱賽賴賽 蹥 廿賽賳賾賻賴購 睾賻賮購賵乇賹 卮賻賰購賵乇賹
94	廿賽賳賾賻 丕賱賾賻匕賽賷賳賻 賴購賲賿 賲賽賳賿 禺賻卮賿賷賻丞賽 乇賻亘賾賽賴賽賲賿 賲購卮賿賮賽賯購賵賳賻 賵賻丕賱賾賻匕賽賷賳賻 賴購賲賿 亘賽丌賷賻丕鬲賽 乇賻亘賾賽賴賽賲賿 賷購丐賿賲賽賳購賵賳賻 賵賻丕賱賾賻匕賽賷賳賻 賴購賲賿 亘賽乇賻亘賾賽賴賽賲賿 賱賻丕 賷購卮賿乇賽賰購賵賳賻 賵賻丕賱賾賻匕賽賷賳賻 賷購丐賿鬲購賵賳賻 賲賻丕 丌鬲賻賵賿丕 賵賻賯購賱購賵亘購賴購賲賿 賵賻噩賽賱賻丞賹 兀賻賳賾賻賴購賲賿 廿賽賱賻賶侔 乇賻亘賾賽賴賽賲賿 乇賻丕噩賽毓購賵賳賻 兀購賵賱賻賭侔卅賽賰賻 賷購爻賻丕乇賽毓購賵賳賻 賮賽賷 丕賱賿禺賻賷賿乇賻丕鬲賽 賵賻賴購賲賿 賱賻賴賻丕 爻賻丕亘賽賯購賵賳賻
95	丕丿賿毓購賵丕 乇賻亘賾賻賰購賲賿 鬲賻囟賻乇賾購毓賸丕 賵賻禺購賮賿賷賻丞賸 蹥 廿賽賳賾賻賴購 賱賻丕 賷購丨賽亘賾購 丕賱賿賲購毓賿鬲賻丿賽賷賳賻 賵賻賱賻丕 鬲購賮賿爻賽丿購賵丕 賮賽賷 丕賱賿兀賻乇賿囟賽 亘賻毓賿丿賻 廿賽氐賿賱賻丕丨賽賴賻丕 賵賻丕丿賿毓購賵賴購 禺賻賵賿賮賸丕 賵賻胤賻賲賻毓賸丕 蹥 廿賽賳賾賻 乇賻丨賿賲賻鬲賻 丕賱賱賾賻賴賽 賯賻乇賽賷亘賹 賲賽賳賻 丕賱賿賲購丨賿爻賽賳賽賷賳賻
96	廿賽賳賾賻 丕賱賾賻匕賽賷賳賻 賴購賲賿 賲賽賳賿 禺賻卮賿賷賻丞賽 乇賻亘賾賽賴賽賲賿 賲購卮賿賮賽賯購賵賳賻 賵賻丕賱賾賻匕賽賷賳賻 賴購賲賿 亘賽丌賷賻丕鬲賽 乇賻亘賾賽賴賽賲賿 賷購丐賿賲賽賳購賵賳賻 賵賻丕賱賾賻匕賽賷賳賻 賴購賲賿 亘賽乇賻亘賾賽賴賽賲賿 賱賻丕 賷購卮賿乇賽賰購賵賳賻 賵賻丕賱賾賻匕賽賷賳賻 賷購丐賿鬲購賵賳賻 賲賻丕 丌鬲賻賵賿丕 賵賻賯購賱購賵亘購賴購賲賿 賵賻噩賽賱賻丞賹 兀賻賳賾賻賴購賲賿 廿賽賱賻賶侔 乇賻亘賾賽賴賽賲賿 乇賻丕噩賽毓購賵賳賻 兀購賵賱賻賭侔卅賽賰賻 賷購爻賻丕乇賽毓購賵賳賻 賮賽賷 丕賱賿禺賻賷賿乇賻丕鬲賽 賵賻賴購賲賿 賱賻賴賻丕 爻賻丕亘賽賯購賵賳賻
97	丕丿賿毓購賵丕 乇賻亘賾賻賰購賲賿 鬲賻囟賻乇賾購毓賸丕 賵賻禺購賮賿賷賻丞賸 蹥 廿賽賳賾賻賴購 賱賻丕 賷購丨賽亘賾購 丕賱賿賲購毓賿鬲賻丿賽賷賳賻 賵賻賱賻丕 鬲購賮賿爻賽丿購賵丕 賮賽賷 丕賱賿兀賻乇賿囟賽 亘賻毓賿丿賻 廿賽氐賿賱賻丕丨賽賴賻丕 賵賻丕丿賿毓購賵賴購 禺賻賵賿賮賸丕 賵賻胤賻賲賻毓賸丕 蹥 廿賽賳賾賻 乇賻丨賿賲賻鬲賻 丕賱賱賾賻賴賽 賯賻乇賽賷亘賹 賲賽賳賻 丕賱賿賲購丨賿爻賽賳賽賷賳賻
98	廿賽賳賾賻 丕賱賾賻匕賽賷賳賻 賴購賲賿 賲賽賳賿 禺賻卮賿賷賻丞賽 乇賻亘賾賽賴賽賲賿 賲購卮賿賮賽賯購賵賳賻 賵賻丕賱賾賻匕賽賷賳賻 賴購賲賿 亘賽丌賷賻丕鬲賽 乇賻亘賾賽賴賽賲賿 賷購丐賿賲賽賳購賵賳賻 賵賻丕賱賾賻匕賽賷賳賻 賴購賲賿 亘賽乇賻亘賾賽賴賽賲賿 賱賻丕 賷購卮賿乇賽賰購賵賳賻 賵賻丕賱賾賻匕賽賷賳賻 賷購丐賿鬲購賵賳賻 賲賻丕 丌鬲賻賵賿丕 賵賻賯購賱購賵亘購賴購賲賿 賵賻噩賽賱賻丞賹 兀賻賳賾賻賴購賲賿 廿賽賱賻賶侔 乇賻亘賾賽賴賽賲賿 乇賻丕噩賽毓購賵賳賻 兀購賵賱賻賭侔卅賽賰賻 賷購爻賻丕乇賽毓購賵賳賻 賮賽賷 丕賱賿禺賻賷賿乇賻丕鬲賽 賵賻賴購賲賿 賱賻賴賻丕 爻賻丕亘賽賯購賵賳賻
99	禺胤兀
100	賱賻丕 賷賻丨賽賱賾購 賱賽丕賲賿乇賻兀賻丞賺 鬲購丐賿賲賽賳購 亘賽丕賱賱賴賽 賵賻丕賱賿賷賻賵賿賲賽 丕賱賿丌禺賽乇賽 兀賻賳賿 鬲購丨賽丿賾賻 毓賻賱賻賶 賲賻賷賾賽鬲賺 賮賻賵賿賯賻 孬賻賱賻丕孬賽 賱賻賷賻丕賱賺 貙 廿賽賱賾賻丕 毓賻賱賻賶 夭賻賵賿噩賺 兀賻乇賿亘賻毓賻丞賻 兀賻卮賿賴購乇賺 賵賻毓賻卮賿乇賸丕
101	賯購賱賿 賱賻賵賿 賰賻丕賳賻 賮賽賷 丕賱賿兀賻乇賿囟賽 賲賻賱賻丕卅賽賰賻丞賹 賷賻賲賿卮購賵賳賻 賲購胤賿賲賻卅賽賳賾賽賷賳賻 賱賻賳賻夭賾賻賱賿賳賻丕 毓賻賱賻賷賿賴賽賲賿 賲賽賳賻 丕賱爻賾賻賲賻丕亍賽 賲賻賱賻賰賸丕 乇賻爻購賵賱賸丕 賮賻賯賻乇賻兀賻賴購 毓賻賱賻賷賿賴賽賲賿 賲賻丕 賰賻丕賳購賵丕 亘賽賴賽 賲購丐賿賲賽賳賽賷賳賻 賵賻賱賻賵賿 兀賻賳賾賻 兀賻賴賿賱賻 丕賱賿賯購乇賻賶侔 丌賲賻賳購賵丕 賵賻丕鬲賾賻賯賻賵賿丕 賱賻賮賻鬲賻丨賿賳賻丕 毓賻賱賻賷賿賴賽賲賿 亘賻乇賻賰賻丕鬲賺 賲賽賳賻 丕賱爻賾賻賲賻丕亍賽 賵賻丕賱賿兀賻乇賿囟賽 賵賻賱賻賭侔賰賽賳賿 賰賻匕賾賻亘購賵丕 賮賻兀賻禺賻匕賿賳賻丕賴購賲賿 亘賽賲賻丕 賰賻丕賳購賵丕 賷賻賰賿爻賽亘購賵賳賻
102	賵賻廿賽賱賻賶侔 賲賻丿賿賷賻賳賻 兀賻禺賻丕賴購賲賿 卮購毓賻賷賿亘賸丕 蹢 賯賻丕賱賻 賷賻丕 賯賻賵賿賲賽 丕毓賿亘購丿購賵丕 丕賱賱賾賻賴賻 賲賻丕 賱賻賰購賲賿 賲賽賳賿 廿賽賱賻賭侔賴賺 睾賻賷賿乇購賴購 蹡 賯賻丿賿 噩賻丕亍賻鬲賿賰購賲賿 亘賻賷賾賽賳賻丞賹 賲賽賳賿 乇賻亘賾賽賰購賲賿 蹡 賮賻兀賻賵賿賮購賵丕 丕賱賿賰賻賷賿賱賻 賵賻丕賱賿賲賽賷夭賻丕賳賻 賵賻賱賻丕 鬲賻亘賿禺賻爻購賵丕 丕賱賳賾賻丕爻賻 兀賻卮賿賷賻丕亍賻賴購賲賿 賵賻賱賻丕 鬲購賮賿爻賽丿購賵丕 賮賽賷 丕賱賿兀賻乇賿囟賽 亘賻毓賿丿賻 廿賽氐賿賱賻丕丨賽賴賻丕 蹥 匕賻侔賱賽賰購賲賿 禺賻賷賿乇賹 賱賻賰購賲賿 廿賽賳賿 賰購賳賿鬲購賲賿 賲購丐賿賲賽賳賽賷賳賻
103	禺胤兀
104	禺胤兀
105	禺胤兀
106	禺胤兀
107	禺胤兀
108	禺胤兀
109	賵賻廿賽匕賿 賯賻丕賱購賵丕 丕賱賱賾賻賴購賲賾賻 廿賽賳賿 賰賻丕賳賻 賴賻賭侔匕賻丕 賴購賵賻 丕賱賿丨賻賯賾賻 賲賽賳賿 毓賽賳賿丿賽賰賻 賮賻兀賻賲賿胤賽乇賿 毓賻賱賻賷賿賳賻丕 丨賽噩賻丕乇賻丞賸 賲賽賳賻 丕賱爻賾賻賲賻丕亍賽 兀賻賵賽 丕卅賿鬲賽賳賻丕 亘賽毓賻匕賻丕亘賺 兀賻賱賽賷賲賺 賵賻賲賻丕 賰賻丕賳賻 丕賱賱賾賻賴購 賱賽賷購毓賻匕賾賽亘賻賴購賲賿 賵賻兀賻賳賿鬲賻 賮賽賷賴賽賲賿 蹥 賵賻賲賻丕 賰賻丕賳賻 丕賱賱賾賻賴購 賲購毓賻匕賾賽亘賻賴購賲賿 賵賻賴購賲賿 賷賻爻賿鬲賻睾賿賮賽乇購賵賳賻
110	賯賻丕賱購賵丕 丕丿賿毓購 賱賻賳賻丕 乇賻亘賾賻賰賻 賷購亘賻賷賾賽賳賿 賱賻賳賻丕 賲賻丕 賴賽賷賻 廿賽賳賾賻 丕賱賿亘賻賯賻乇賻 鬲賻卮賻丕亘賻賴賻 毓賻賱賻賷賿賳賻丕 賵賻廿賽賳賾賻丕 廿賽賳賿 卮賻丕亍賻 丕賱賱賾賻賴購 賱賻賲購賴賿鬲賻丿購賵賳賻 賯賻丕賱賻 廿賽賳賾賻賴購 賷賻賯購賵賱購 廿賽賳賾賻賴賻丕 亘賻賯賻乇賻丞賹 賱賻丕 匕賻賱購賵賱賹 鬲購孬賽賷乇購 丕賱賿兀賻乇賿囟賻 賵賻賱賻丕 鬲賻爻賿賯賽賷 丕賱賿丨賻乇賿孬賻 賲購爻賻賱賾賻賲賻丞賹 賱賻丕 卮賽賷賻丞賻 賮賽賷賴賻丕 蹥 賯賻丕賱購賵丕 丕賱賿丌賳賻 噩賽卅賿鬲賻 亘賽丕賱賿丨賻賯賾賽 蹥 賮賻匕賻亘賻丨購賵賴賻丕 賵賻賲賻丕 賰賻丕丿購賵丕 賷賻賮賿毓賻賱購賵賳賻
111	賮賻賱賻賲賾賻丕 丕毓賿鬲賻夭賻賱賻賴購賲賿 賵賻賲賻丕 賷賻毓賿亘購丿購賵賳賻 賲賽賳賿 丿購賵賳賽 丕賱賱賾賻賴賽 賵賻賴賻亘賿賳賻丕 賱賻賴購 廿賽爻賿丨賻丕賯賻 賵賻賷賻毓賿賯購賵亘賻 蹡 賵賻賰購賱賾賸丕 噩賻毓賻賱賿賳賻丕 賳賻亘賽賷賾賸丕
112	賵賻賲賻丕 賰賻丕賳賻 賱賽賳賻賮賿爻賺 兀賻賳賿 鬲賻賲購賵鬲賻 廿賽賱賾賻丕 亘賽廿賽匕賿賳賽 丕賱賱賾賻賴賽 賰賽鬲賻丕亘賸丕 賲購丐賻噩賾賻賱賸丕 蹢 賵賻賲賻賳賿 賷購乇賽丿賿 孬賻賵賻丕亘賻 丕賱丿賾購賳賿賷賻丕 賳購丐賿鬲賽賴賽 賲賽賳賿賴賻丕 賵賻賲賻賳賿 賷購乇賽丿賿 孬賻賵賻丕亘賻 丕賱賿丌禺賽乇賻丞賽 賳購丐賿鬲賽賴賽 賲賽賳賿賴賻丕 蹥 賵賻爻賻賳賻噩賿夭賽賷 丕賱卮賾賻丕賰賽乇賽賷賳賻
113	賳購丐賿鬲賽賴賽 賲賽賳賿賴賻丕 賵賻賲賻賳賿 賷購乇賽丿賿 孬賻賵賻丕亘賻 丕賱賿丌禺賽乇賻丞賽 賳購丐賿鬲賽賴賽 賲賽賳賿賴賻丕
114	廿賽賳賾賻 丕賱賱賾賻賴賻 賵賻賲賻賱賻丕卅賽賰賻鬲賻賴購 賷購氐賻賱賾購賵賳賻 毓賻賱賻賶 丕賱賳賾賻亘賽賷賾賽 蹥 賷賻丕 兀賻賷賾購賴賻丕 丕賱賾賻匕賽賷賳賻 丌賲賻賳購賵丕 氐賻賱賾購賵丕 毓賻賱賻賷賿賴賽 賵賻爻賻賱賾賽賲購賵丕 鬲賻爻賿賱賽賷賲賸丕
115	賵賻廿賽匕賻丕 賲賻乇賽囟賿鬲購 賮賻賴購賵賻 賷賻卮賿賮賽賷賳賽
116	禺胤兀
117	禺胤兀
118	禺胤兀
119	禺胤兀
120	禺胤兀
121	賵賻廿賽賳賾賻 丕賱賱賴賻 賱賻賷購丐賻賷賾賽丿購 賴賻匕賻丕 丕賱丿賾賽賷賳賻 亘賽丕賱乇賾賻噩購賱賽 丕賱賿賮賻丕噩賽乇賽 .
122	禺胤兀
123	蹫 賷賻丕 兀賻賷賾購賴賻丕 丕賱賾賻匕賽賷賳賻 丌賲賻賳購賵丕 賰購賵賳購賵丕 賯賻賵賾賻丕賲賽賷賳賻 亘賽丕賱賿賯賽爻賿胤賽 卮購賴賻丿賻丕亍賻 賱賽賱賾賻賴賽 賵賻賱賻賵賿 毓賻賱賻賶侔 兀賻賳賿賮購爻賽賰購賲賿 兀賻賵賽 丕賱賿賵賻丕賱賽丿賻賷賿賳賽 賵賻丕賱賿兀賻賯賿乇賻亘賽賷賳賻 蹥 廿賽賳賿 賷賻賰購賳賿 睾賻賳賽賷賾賸丕 兀賻賵賿 賮賻賯賽賷乇賸丕 賮賻丕賱賱賾賻賴購 兀賻賵賿賱賻賶侔 亘賽賴賽賲賻丕 蹡 賮賻賱賻丕 鬲賻鬲賾賻亘賽毓購賵丕 丕賱賿賴賻賵賻賶侔 兀賻賳賿 鬲賻毓賿丿賽賱購賵丕 蹥 賵賻廿賽賳賿 鬲賻賱賿賵購賵丕 兀賻賵賿 鬲購毓賿乇賽囟購賵丕 賮賻廿賽賳賾賻 丕賱賱賾賻賴賻 賰賻丕賳賻 亘賽賲賻丕 鬲賻毓賿賲賻賱購賵賳賻 禺賻亘賽賷乇賸丕
124	禺胤兀
125	禺胤兀
126	禺胤兀
127	禺胤兀
128	賵賻賱賻賯賻丿賿 賷賻爻賾賻乇賿賳賻丕 丕賱賿賯購乇賿丌賳賻 賱賽賱匕賾賽賰賿乇賽 賮賻賴賻賱賿 賲賽賳賿 賲購丿賾賻賰賽乇賺
129	禺胤兀
130	丕賯賿鬲購賱購賵丕 賷購賵爻購賮賻 兀賻賵賽 丕胤賿乇賻丨購賵賴購 兀賻乇賿囟賸丕 賷賻禺賿賱購 賱賻賰購賲賿 賵賻噩賿賴購 兀賻亘賽賷賰購賲賿 賵賻鬲賻賰購賵賳購賵丕 賲賽賳賿 亘賻毓賿丿賽賴賽 賯賻賵賿賲賸丕 氐賻丕賱賽丨賽賷賳賻 賯賻丕賱賻 賯賻丕卅賽賱賹 賲賽賳賿賴購賲賿 賱賻丕 鬲賻賯賿鬲購賱購賵丕 賷購賵爻購賮賻 賵賻兀賻賱賿賯購賵賴購 賮賽賷 睾賻賷賻丕亘賻鬲賽 丕賱賿噩購亘賾賽 賷賻賱賿鬲賻賯賽胤賿賴購 亘賻毓賿囟購 丕賱爻賾賻賷賾賻丕乇賻丞賽 廿賽賳賿 賰購賳賿鬲購賲賿 賮賻丕毓賽賱賽賷賳賻
131	禺胤兀
132	賲賻丕 兀賻匕賽賳賻 丕賱賱賴購 賱賽卮賻賷賿亍賺 賲賻丕 兀賻匕賽賳賻 賱賽賳賻亘賽賷賾賺 賷賻鬲賻睾賻賳賾賻賶 亘賽丕賱賿賯購乇賿丌賳賽
133	禺胤兀
134	賲賻丕 兀賻匕賽賳賻 丕賱賱賴購 賱賽卮賻賷賿亍賺 賲賻丕 兀賻匕賽賳賻 賱賽賳賻亘賽賷賾賺 賷賻鬲賻睾賻賳賾賻賶 亘賽丕賱賿賯購乇賿丌賳賽
135	禺胤兀
136	賮賻賷賻賯購賵賱購: 賲賻賳賿 賷賻丿賿毓購賵賳賽賷 賮賻兀賻爻賿鬲賻噩賽賷亘賻 賱賻賴購 貙 賲賻賳賿 賷賻爻賿兀賻賱購賳賽賷 賮賻兀購毓賿胤賽賷賻賴購 貙 賲賻賳賿 賷賻爻賿鬲賻睾賿賮賽乇購賳賽賷 賮賻兀賻睾賿賮賽乇賻 賱賻賴購 .
137	禺胤兀
138	廿賽賳賾賻 賴賻匕賻丕 丕賱賿賯購乇賿丌賳賻 賳賻夭賻賱賻 亘賽丨購夭賿賳賺 貙 賮賻廿賽匕賻丕 賯賻乇賻兀賿鬲購賲購賵賴購 賮賻丕亘賿賰購賵丕 貙 賮賻廿賽賳賿 賱賻賲賿 鬲賻亘賿賰購賵丕 賮賻鬲賻亘賻丕賰賻賵賿丕
139	禺胤兀
140	賵賻賱賻賯賻丿賿 兀賻乇賿爻賻賱賿賳賻丕 乇購爻購賱賸丕 賲賽賳賿 賯賻亘賿賱賽賰賻 賲賽賳賿賴購賲賿 賲賻賳賿 賯賻氐賻氐賿賳賻丕 毓賻賱賻賷賿賰賻 賵賻賲賽賳賿賴購賲賿 賲賻賳賿 賱賻賲賿 賳賻賯賿氐購氐賿 毓賻賱賻賷賿賰賻 蹢 賵賻賲賻丕 賰賻丕賳賻 賱賽乇賻爻購賵賱賺 兀賻賳賿 賷賻兀賿鬲賽賷賻 亘賽丌賷賻丞賺 廿賽賱賾賻丕 亘賽廿賽匕賿賳賽 丕賱賱賾賻賴賽 蹥 賮賻廿賽匕賻丕 噩賻丕亍賻 兀賻賲賿乇購 丕賱賱賾賻賴賽 賯購囟賽賷賻 亘賽丕賱賿丨賻賯賾賽 賵賻禺賻爻賽乇賻 賴購賳賻丕賱賽賰賻 丕賱賿賲購亘賿胤賽賱購賵賳賻
141	禺胤兀
142	賵賻賱賻賯賻丿賿 兀賻乇賿爻賻賱賿賳賻丕 賲賽賳賿 賯賻亘賿賱賽賰賻 乇購爻購賱賸丕 廿賽賱賻賶侔 賯賻賵賿賲賽賴賽賲賿 賮賻噩賻丕亍購賵賴購賲賿 亘賽丕賱賿亘賻賷賾賽賳賻丕鬲賽 賮賻丕賳賿鬲賻賯賻賲賿賳賻丕 賲賽賳賻 丕賱賾賻匕賽賷賳賻 兀賻噩賿乇賻賲購賵丕 蹡 賵賻賰賻丕賳賻 丨賻賯賾賸丕 毓賻賱賻賷賿賳賻丕 賳賻氐賿乇購 丕賱賿賲購丐賿賲賽賳賽賷賳賻
143	禺胤兀
144	賵賻賱賻賯賻丿賿 兀賻乇賿爻賻賱賿賳賻丕 賲賽賳賿 賯賻亘賿賱賽賰賻 乇購爻購賱賸丕 廿賽賱賻賶侔 賯賻賵賿賲賽賴賽賲賿 賮賻噩賻丕亍購賵賴購賲賿 亘賽丕賱賿亘賻賷賾賽賳賻丕鬲賽 賮賻丕賳賿鬲賻賯賻賲賿賳賻丕 賲賽賳賻 丕賱賾賻匕賽賷賳賻 兀賻噩賿乇賻賲購賵丕 蹡 賵賻賰賻丕賳賻 丨賻賯賾賸丕 毓賻賱賻賷賿賳賻丕 賳賻氐賿乇購 丕賱賿賲購丐賿賲賽賳賽賷賳賻
145	賵賻賱賻賯賻丿賿 兀賻乇賿爻賻賱賿賳賻丕 賲賽賳賿 賯賻亘賿賱賽賰賻 乇購爻購賱賸丕 廿賽賱賻賶侔 賯賻賵賿賲賽賴賽賲賿 賮賻噩賻丕亍購賵賴購賲賿 亘賽丕賱賿亘賻賷賾賽賳賻丕鬲賽 賮賻丕賳賿鬲賻賯賻賲賿賳賻丕 賲賽賳賻 丕賱賾賻匕賽賷賳賻 兀賻噩賿乇賻賲購賵丕 蹡 賵賻賰賻丕賳賻 丨賻賯賾賸丕 毓賻賱賻賷賿賳賻丕 賳賻氐賿乇購 丕賱賿賲購丐賿賲賽賳賽賷賳賻
146	賵賻廿賽匕賿 賯賻丕賱賻 賱購賯賿賲賻丕賳購 賱賽丕亘賿賳賽賴賽 賵賻賴購賵賻 賷賻毓賽馗購賴購 賷賻丕 亘購賳賻賷賾賻 賱賻丕 鬲購卮賿乇賽賰賿 亘賽丕賱賱賾賻賴賽 蹡 廿賽賳賾賻 丕賱卮賾賽乇賿賰賻 賱賻馗購賱賿賲賹 毓賻馗賽賷賲賹
147	賵賻賱賻丕 鬲購氐賻毓賾賽乇賿 禺賻丿賾賻賰賻 賱賽賱賳賾賻丕爻賽 賵賻賱賻丕 鬲賻賲賿卮賽 賮賽賷 丕賱賿兀賻乇賿囟賽 賲賻乇賻丨賸丕 蹡 廿賽賳賾賻 丕賱賱賾賻賴賻 賱賻丕 賷購丨賽亘賾購 賰購賱賾賻 賲購禺賿鬲賻丕賱賺 賮賻禺購賵乇賺
148	賰賽鬲賻丕亘賹 兀賻賳賿夭賻賱賿賳賻丕賴購 廿賽賱賻賷賿賰賻 賲購亘賻丕乇賻賰賹 賱賽賷賻丿賾賻亘賾賻乇購賵丕 丌賷賻丕鬲賽賴賽 賵賻賱賽賷賻鬲賻匕賻賰賾賻乇賻 兀購賵賱購賵 丕賱賿兀賻賱賿亘賻丕亘賽
149	賵賻賲賻賳賿 賷賻賯賿鬲購賱賿 賲購丐賿賲賽賳賸丕 賲購鬲賻毓賻賲賾賽丿賸丕 賮賻噩賻夭賻丕丐購賴購 噩賻賴賻賳賾賻賲購 禺賻丕賱賽丿賸丕 賮賽賷賴賻丕 賵賻睾賻囟賽亘賻 丕賱賱賾賻賴購 毓賻賱賻賷賿賴賽 賵賻賱賻毓賻賳賻賴購 賵賻兀賻毓賻丿賾賻 賱賻賴購 毓賻匕賻丕亘賸丕 毓賻馗賽賷賲賸丕
150	禺胤兀
151	禺胤兀
152	禺胤兀
153	禺胤兀
154	禺胤兀
155	賵賻丕賱賾賻匕賽賷賳賻 賷購鬲賻賵賻賮賾賻賵賿賳賻 賲賽賳賿賰購賲賿 賵賻賷賻匕賻乇購賵賳賻 兀賻夭賿賵賻丕噩賸丕 賷賻鬲賻乇賻亘賾賻氐賿賳賻 亘賽兀賻賳賿賮購爻賽賴賽賳賾賻 兀賻乇賿亘賻毓賻丞賻 兀賻卮賿賴購乇賺 賵賻毓賻卮賿乇賸丕 蹡 賮賻廿賽匕賻丕 亘賻賱賻睾賿賳賻 兀賻噩賻賱賻賴購賳賾賻 賮賻賱賻丕 噩購賳賻丕丨賻 毓賻賱賻賷賿賰購賲賿 賮賽賷賲賻丕 賮賻毓賻賱賿賳賻 賮賽賷 兀賻賳賿賮購爻賽賴賽賳賾賻 亘賽丕賱賿賲賻毓賿乇購賵賮賽 蹢 賵賻丕賱賱賾賻賴購 亘賽賲賻丕 鬲賻毓賿賲賻賱購賵賳賻 禺賻亘賽賷乇賹
156	賵賻賱賻賯賻丿賿 兀賻乇賿爻賻賱賿賳賻丕 賳購賵丨賸丕 廿賽賱賻賶侔 賯賻賵賿賲賽賴賽 賮賻賱賻亘賽孬賻 賮賽賷賴賽賲賿 兀賻賱賿賮賻 爻賻賳賻丞賺 廿賽賱賾賻丕 禺賻賲賿爻賽賷賳賻 毓賻丕賲賸丕 賮賻兀賻禺賻匕賻賴購賲購 丕賱胤賾購賵賮賻丕賳購 賵賻賴購賲賿 馗賻丕賱賽賲購賵賳賻
157	禺胤兀
158	禺胤兀
159	賵賻廿賽賳賾賻賰賻 賱賻鬲賻丿賿毓購賵賴購賲賿 廿賽賱賻賶侔 氐賽乇賻丕胤賺 賲購爻賿鬲賻賯賽賷賲賺
160	禺胤兀
161	禺胤兀
162	賵賻賱賻賯賻丿賿 兀賻乇賿爻賻賱賿賳賻丕 廿賽賱賻賶侔 兀購賲賻賲賺 賲賽賳賿 賯賻亘賿賱賽賰賻 賮賻兀賻禺賻匕賿賳賻丕賴購賲賿 亘賽丕賱賿亘賻兀賿爻賻丕亍賽 賵賻丕賱囟賾賻乇賾賻丕亍賽 賱賻毓賻賱賾賻賴購賲賿 賷賻鬲賻囟賻乇賾賻毓購賵賳賻
163	賵賻賱賻賯賻丿賿 兀賻乇賿爻賻賱賿賳賻丕 賳購賵丨賸丕 廿賽賱賻賶侔 賯賻賵賿賲賽賴賽 賮賻賯賻丕賱賻 賷賻丕 賯賻賵賿賲賽 丕毓賿亘購丿購賵丕 丕賱賱賾賻賴賻 賲賻丕 賱賻賰購賲賿 賲賽賳賿 廿賽賱賻賭侔賴賺 睾賻賷賿乇購賴購 蹡 兀賻賮賻賱賻丕 鬲賻鬲賾賻賯購賵賳賻
164	禺胤兀
165	禺胤兀
166	兀賻賮賻賱賻賲賿 賷賻爻賽賷乇購賵丕 賮賽賷 丕賱賿兀賻乇賿囟賽 賮賻鬲賻賰購賵賳賻 賱賻賴購賲賿 賯購賱購賵亘賹 賷賻毓賿賯賽賱購賵賳賻 亘賽賴賻丕
167	丕賱乇賾賽噩賻丕賱購 賯賻賵賾賻丕賲購賵賳賻 毓賻賱賻賶 丕賱賳賾賽爻賻丕亍賽 亘賽賲賻丕 賮賻囟賾賻賱賻 丕賱賱賾賻賴購 亘賻毓賿囟賻賴購賲賿 毓賻賱賻賶侔 亘賻毓賿囟賺 賵賻亘賽賲賻丕 兀賻賳賿賮賻賯購賵丕 賲賽賳賿 兀賻賲賿賵賻丕賱賽賴賽賲賿 蹥 賮賻丕賱氐賾賻丕賱賽丨賻丕鬲購 賯賻丕賳賽鬲賻丕鬲賹 丨賻丕賮賽馗賻丕鬲賹 賱賽賱賿睾賻賷賿亘賽 亘賽賲賻丕 丨賻賮賽馗賻 丕賱賱賾賻賴購 蹥 賵賻丕賱賱賾賻丕鬲賽賷 鬲賻禺賻丕賮購賵賳賻 賳購卮購賵夭賻賴購賳賾賻 賮賻毓賽馗購賵賴購賳賾賻 賵賻丕賴賿噩購乇購賵賴購賳賾賻 賮賽賷 丕賱賿賲賻囟賻丕噩賽毓賽 賵賻丕囟賿乇賽亘購賵賴購賳賾賻 蹡 賮賻廿賽賳賿 兀賻胤賻毓賿賳賻賰購賲賿 賮賻賱賻丕 鬲賻亘賿睾購賵丕 毓賻賱賻賷賿賴賽賳賾賻 爻賻亘賽賷賱賸丕 蹢 廿賽賳賾賻 丕賱賱賾賻賴賻 賰賻丕賳賻 毓賻賱賽賷賾賸丕 賰賻亘賽賷乇賸丕
168	賷賻丕 兀賻賷賾購賴賻丕 丕賱賳賾賻亘賽賷賾購 賯購賱賿 賱賽兀賻夭賿賵賻丕噩賽賰賻 賵賻亘賻賳賻丕鬲賽賰賻 賵賻賳賽爻賻丕亍賽 丕賱賿賲購丐賿賲賽賳賽賷賳賻 賷購丿賿賳賽賷賳賻 毓賻賱賻賷賿賴賽賳賾賻 賲賽賳賿 噩賻賱賻丕亘賽賷亘賽賴賽賳賾賻 蹥 匕賻侔賱賽賰賻 兀賻丿賿賳賻賶侔 兀賻賳賿 賷購毓賿乇賻賮賿賳賻 賮賻賱賻丕 賷購丐賿匕賻賷賿賳賻 蹢 賵賻賰賻丕賳賻 丕賱賱賾賻賴購 睾賻賮購賵乇賸丕 乇賻丨賽賷賲賸丕
169	禺胤兀
170	禺胤兀
171	禺胤兀
172	禺胤兀
173	賵賻賲賻賳賿 賷賻鬲賾賻賯賽 丕賱賱賾賻賴賻 賷賻噩賿毓賻賱賿 賱賻賴購 賲賻禺賿乇賻噩賸丕 賵賻賷賻乇賿夭購賯賿賴購 賲賽賳賿 丨賻賷賿孬購 賱賻丕 賷賻丨賿鬲賻爻賽亘購
174	賵賻丕賱賿賲購丐賿賲賽賳購賵賳賻 賵賻丕賱賿賲購丐賿賲賽賳賻丕鬲購 亘賻毓賿囟購賴購賲賿 兀賻賵賿賱賽賷賻丕亍購 亘賻毓賿囟賺 蹥 賷賻兀賿賲購乇購賵賳賻 亘賽丕賱賿賲賻毓賿乇購賵賮賽 賵賻賷賻賳賿賴賻賵賿賳賻 毓賻賳賽 丕賱賿賲購賳賿賰賻乇賽 賵賻賷購賯賽賷賲購賵賳賻 丕賱氐賾賻賱賻丕丞賻 賵賻賷購丐賿鬲購賵賳賻 丕賱夭賾賻賰賻丕丞賻 賵賻賷購胤賽賷毓購賵賳賻 丕賱賱賾賻賴賻 賵賻乇賻爻購賵賱賻賴購 蹥 兀購賵賱賻賭侔卅賽賰賻 爻賻賷賻乇賿丨賻賲購賴購賲購 丕賱賱賾賻賴購 蹢 廿賽賳賾賻 丕賱賱賾賻賴賻 毓賻夭賽賷夭賹 丨賻賰賽賷賲賹
175	賮賻丿賻毓賻丕 乇賻亘賾賻賴購 兀賻賳賾賽賷 賲賻睾賿賱購賵亘賹 賮賻丕賳賿鬲賻氐賽乇賿
176	禺胤兀
177	賱賻丕 鬲購賵胤賻兀購 丨賻丕賲賽賱賹 丨賻鬲賾賻賶 鬲賻囟賻毓賻 貙 賵賻賱賻丕 睾賻賷賿乇購 匕賻丕鬲賽 丨賻賲賿賱賺 丨賻鬲賾賻賶 鬲賻丨賽賷囟賻 丨賻賷賿囟賻丞賸 .
178	賱賻丕 鬲購賵胤賻兀購 丨賻丕賲賽賱賹 丨賻鬲賾賻賶 鬲賻囟賻毓賻 貙 賵賻賱賻丕 睾賻賷賿乇購 匕賻丕鬲賽 丨賻賲賿賱賺 丨賻鬲賾賻賶 鬲賻丨賽賷囟賻 丨賻賷賿囟賻丞賸 .
179	賱賻丕 鬲購賵胤賻兀購 丨賻丕賲賽賱賹 丨賻鬲賾賻賶 鬲賻囟賻毓賻 貙 賵賻賱賻丕 睾賻賷賿乇購 匕賻丕鬲賽 丨賻賲賿賱賺 丨賻鬲賾賻賶 鬲賻丨賽賷囟賻 丨賻賷賿囟賻丞賸
